Year,OBS_STATUS,UNIT_MULT,SOURCE_DETAIL,SERIES,REF_AREA,PRODUCT,UNIT_MEASURE,DATA_LAST_UPDATE,TIME_DETAIL,BASE_PER,Value
2000,A,0,WESR / Global Material Flows Database,EN_MAT_DOMCMPC,24,None,T,2025-03-21T00:00:00,2023,,2.96113
2001,A,0,WESR / Global Material Flows Database,EN_MAT_DOMCMPC,24,None,T,2025-03-21T00:00:00,2023,,3.20417
2002,A,0,WESR / Global Material Flows Database,EN_MAT_DOMCMPC,24,None,T,2025-03-21T00:00:00,2023,,3.67037
2003,A,0,WESR / Global Material Flows Database,EN_MAT_DOMCMPC,24,None,T,2025-03-21T00:00:00,2023,,3.73008
2004,A,0,WESR / Global Material Flows Database,EN_MAT_DOMCMPC,24,None,T,2025-03-21T00:00:00,2023,,3.80948
2005,A,0,WESR / Global Material Flows Database,EN_MAT_DOMCMPC,24,None,T,2025-03-21T00:00:00,2023,,3.86523
2006,A,0,WESR / Global Material Flows Database,EN_MAT_DOMCMPC,24,None,T,2025-03-21T00:00:00,2023,,4.24893
2007,A,0,WESR / Global Material Flows Database,EN_MAT_DOMCMPC,24,None,T,2025-03-21T00:00:00,2023,,4.71012
2008,A,0,WESR / Global Material Flows Database,EN_MAT_DOMCMPC,24,None,T,2025-03-21T00:00:00,2023,,4.37993
2009,A,0,WESR / Global Material Flows Database,EN_MAT_DOMCMPC,24,None,T,2025-03-21T00:00:00,2023,,6.52074
2010,A,0,WESR / Global Material Flows Database,EN_MAT_DOMCMPC,24,None,T,2025-03-21T00:00:00,2023,,5.26691
2011,A,0,WESR / Global Material Flows Database,EN_MAT_DOMCMPC,24,None,T,2025-03-21T00:00:00,2023,,5.51187
2012,A,0,WESR / Global Material Flows Database,EN_MAT_DOMCMPC,24,None,T,2025-03-21T00:00:00,2023,,9.30729
2013,A,0,WESR / Global Material Flows Database,EN_MAT_DOMCMPC,24,None,T,2025-03-21T00:00:00,2023,,10.06161
2014,A,0,WESR / Global Material Flows Database,EN_MAT_DOMCMPC,24,None,T,2025-03-21T00:00:00,2023,,9.52672
2015,A,0,WESR / Global Material Flows Database,EN_MAT_DOMCMPC,24,None,T,2025-03-21T00:00:00,2023,,8.22432
2016,A,0,WESR / Global Material Flows Database,EN_MAT_DOMCMPC,24,None,T,2025-03-21T00:00:00,2023,,7.60407
2017,A,0,WESR / Global Material Flows Database,EN_MAT_DOMCMPC,24,None,T,2025-03-21T00:00:00,2023,,3.80509
2018,A,0,WESR / Global Material Flows Database,EN_MAT_DOMCMPC,24,None,T,2025-03-21T00:00:00,2023,,4.67126
2019,A,0,WESR / Global Material Flows Database,EN_MAT_DOMCMPC,24,None,T,2025-03-21T00:00:00,2023,,4.43422
2020,A,0,WESR / Global Material Flows Database,EN_MAT_DOMCMPC,24,None,T,2025-03-21T00:00:00,2023,,4.06308
2021,A,0,WESR / Global Material Flows Database,EN_MAT_DOMCMPC,24,None,T,2025-03-21T00:00:00,2023,,4.08339
2022,A,0,WESR / Global Material Flows Database,EN_MAT_DOMCMPC,24,None,T,2025-03-21T00:00:00,2023,,4.05638
2023,A,0,WESR / Global Material Flows Database,EN_MAT_DOMCMPC,24,None,T,2025-03-21T00:00:00,2023,,3.93628
2000,A,0,WESR / Global Material Flows Database,EN_MAT_DOMCMPC,24,MF_AGG3A,T,2025-03-21T00:00:00,2023,,0.38017
2001,A,0,WESR / Global Material Flows Database,EN_MAT_DOMCMPC,24,MF_AGG3A,T,2025-03-21T00:00:00,2023,,0.44318
2002,A,0,WESR / Global Material Flows Database,EN_MAT_DOMCMPC,24,MF_AGG3A,T,2025-03-21T00:00:00,2023,,0.50352
2003,A,0,WESR / Global Material Flows Database,EN_MAT_DOMCMPC,24,MF_AGG3A,T,2025-03-21T00:00:00,2023,,0.52455
2004,A,0,WESR / Global Material Flows Database,EN_MAT_DOMCMPC,24,MF_AGG3A,T,2025-03-21T00:00:00,2023,,0.54826
2005,A,0,WESR / Global Material Flows Database,EN_MAT_DOMCMPC,24,MF_AGG3A,T,2025-03-21T00:00:00,2023,,0.47418
2006,A,0,WESR / Global Material Flows Database,EN_MAT_DOMCMPC,24,MF_AGG3A,T,2025-03-21T00:00:00,2023,,0.50799
2007,A,0,WESR / Global Material Flows Database,EN_MAT_DOMCMPC,24,MF_AGG3A,T,2025-03-21T00:00:00,2023,,0.72406
2008,A,0,WESR / Global Material Flows Database,EN_MAT_DOMCMPC,24,MF_AGG3A,T,2025-03-21T00:00:00,2023,,0.66092
2009,A,0,WESR / Global Material Flows Database,EN_MAT_DOMCMPC,24,MF_AGG3A,T,2025-03-21T00:00:00,2023,,1.44787
2010,A,0,WESR / Global Material Flows Database,EN_MAT_DOMCMPC,24,MF_AGG3A,T,2025-03-21T00:00:00,2023,,1.24495
2011,A,0,WESR / Global Material Flows Database,EN_MAT_DOMCMPC,24,MF_AGG3A,T,2025-03-21T00:00:00,2023,,1.34025
2012,A,0,WESR / Global Material Flows Database,EN_MAT_DOMCMPC,24,MF_AGG3A,T,2025-03-21T00:00:00,2023,,5.71315
2013,A,0,WESR / Global Material Flows Database,EN_MAT_DOMCMPC,24,MF_AGG3A,T,2025-03-21T00:00:00,2023,,5.83267
2014,A,0,WESR / Global Material Flows Database,EN_MAT_DOMCMPC,24,MF_AGG3A,T,2025-03-21T00:00:00,2023,,5.70311
2015,A,0,WESR / Global Material Flows Database,EN_MAT_DOMCMPC,24,MF_AGG3A,T,2025-03-21T00:00:00,2023,,4.62478
2016,A,0,WESR / Global Material Flows Database,EN_MAT_DOMCMPC,24,MF_AGG3A,T,2025-03-21T00:00:00,2023,,4.10808
2017,A,0,WESR / Global Material Flows Database,EN_MAT_DOMCMPC,24,MF_AGG3A,T,2025-03-21T00:00:00,2023,,0.30841
2018,A,0,WESR / Global Material Flows Database,EN_MAT_DOMCMPC,24,MF_AGG3A,T,2025-03-21T00:00:00,2023,,1.22134
2019,A,0,WESR / Global Material Flows Database,EN_MAT_DOMCMPC,24,MF_AGG3A,T,2025-03-21T00:00:00,2023,,1.23216
2020,A,0,WESR / Global Material Flows Database,EN_MAT_DOMCMPC,24,MF_AGG3A,T,2025-03-21T00:00:00,2023,,1.14201
2021,A,0,WESR / Global Material Flows Database,EN_MAT_DOMCMPC,24,MF_AGG3A,T,2025-03-21T00:00:00,2023,,1.17246
2022,A,0,WESR / Global Material Flows Database,EN_MAT_DOMCMPC,24,MF_AGG3A,T,2025-03-21T00:00:00,2023,,1.17658
2023,A,0,WESR / Global Material Flows Database,EN_MAT_DOMCMPC,24,MF_AGG3A,T,2025-03-21T00:00:00,2023,,1.15266
2000,A,0,WESR / Global Material Flows Database,EN_MAT_DOMCMPC,24,MF_AGG3B,T,2025-03-21T00:00:00,2023,,0.90457
2001,A,0,WESR / Global Material Flows Database,EN_MAT_DOMCMPC,24,MF_AGG3B,T,2025-03-21T00:00:00,2023,,0.98313
2002,A,0,WESR / Global Material Flows Database,EN_MAT_DOMCMPC,24,MF_AGG3B,T,2025-03-21T00:00:00,2023,,1.26741
2003,A,0,WESR / Global Material Flows Database,EN_MAT_DOMCMPC,24,MF_AGG3B,T,2025-03-21T00:00:00,2023,,1.26556
2004,A,0,WESR / Global Material Flows Database,EN_MAT_DOMCMPC,24,MF_AGG3B,T,2025-03-21T00:00:00,2023,,1.21134
2005,A,0,WESR / Global Material Flows Database,EN_MAT_DOMCMPC,24,MF_AGG3B,T,2025-03-21T00:00:00,2023,,1.347
2006,A,0,WESR / Global Material Flows Database,EN_MAT_DOMCMPC,24,MF_AGG3B,T,2025-03-21T00:00:00,2023,,1.68403
2007,A,0,WESR / Global Material Flows Database,EN_MAT_DOMCMPC,24,MF_AGG3B,T,2025-03-21T00:00:00,2023,,1.72299
2008,A,0,WESR / Global Material Flows Database,EN_MAT_DOMCMPC,24,MF_AGG3B,T,2025-03-21T00:00:00,2023,,1.51962
2009,A,0,WESR / Global Material Flows Database,EN_MAT_DOMCMPC,24,MF_AGG3B,T,2025-03-21T00:00:00,2023,,2.28826
2010,A,0,WESR / Global Material Flows Database,EN_MAT_DOMCMPC,24,MF_AGG3B,T,2025-03-21T00:00:00,2023,,1.28933
2011,A,0,WESR / Global Material Flows Database,EN_MAT_DOMCMPC,24,MF_AGG3B,T,2025-03-21T00:00:00,2023,,1.28306
2012,A,0,WESR / Global Material Flows Database,EN_MAT_DOMCMPC,24,MF_AGG3B,T,2025-03-21T00:00:00,2023,,1.23945
2013,A,0,WESR / Global Material Flows Database,EN_MAT_DOMCMPC,24,MF_AGG3B,T,2025-03-21T00:00:00,2023,,1.23857
2014,A,0,WESR / Global Material Flows Database,EN_MAT_DOMCMPC,24,MF_AGG3B,T,2025-03-21T00:00:00,2023,,1.21679
2015,A,0,WESR / Global Material Flows Database,EN_MAT_DOMCMPC,24,MF_AGG3B,T,2025-03-21T00:00:00,2023,,1.20923
2016,A,0,WESR / Global Material Flows Database,EN_MAT_DOMCMPC,24,MF_AGG3B,T,2025-03-21T00:00:00,2023,,1.1629
2017,A,0,WESR / Global Material Flows Database,EN_MAT_DOMCMPC,24,MF_AGG3B,T,2025-03-21T00:00:00,2023,,1.17589
2018,A,0,WESR / Global Material Flows Database,EN_MAT_DOMCMPC,24,MF_AGG3B,T,2025-03-21T00:00:00,2023,,1.12921
2019,A,0,WESR / Global Material Flows Database,EN_MAT_DOMCMPC,24,MF_AGG3B,T,2025-03-21T00:00:00,2023,,1.05914
2020,A,0,WESR / Global Material Flows Database,EN_MAT_DOMCMPC,24,MF_AGG3B,T,2025-03-21T00:00:00,2023,,0.86832
2021,A,0,WESR / Global Material Flows Database,EN_MAT_DOMCMPC,24,MF_AGG3B,T,2025-03-21T00:00:00,2023,,0.89071
2022,A,0,WESR / Global Material Flows Database,EN_MAT_DOMCMPC,24,MF_AGG3B,T,2025-03-21T00:00:00,2023,,0.89393
2023,A,0,WESR / Global Material Flows Database,EN_MAT_DOMCMPC,24,MF_AGG3B,T,2025-03-21T00:00:00,2023,,0.87554
2000,A,0,WESR / Global Material Flows Database,EN_MAT_DOMCMPC,24,MF1,T,2025-03-21T00:00:00,2023,,1.50105
2001,A,0,WESR / Global Material Flows Database,EN_MAT_DOMCMPC,24,MF1,T,2025-03-21T00:00:00,2023,,1.60913
2002,A,0,WESR / Global Material Flows Database,EN_MAT_DOMCMPC,24,MF1,T,2025-03-21T00:00:00,2023,,1.72346
2003,A,0,WESR / Global Material Flows Database,EN_MAT_DOMCMPC,24,MF1,T,2025-03-21T00:00:00,2023,,1.7309
2004,A,0,WESR / Global Material Flows Database,EN_MAT_DOMCMPC,24,MF1,T,2025-03-21T00:00:00,2023,,1.83544
2005,A,0,WESR / Global Material Flows Database,EN_MAT_DOMCMPC,24,MF1,T,2025-03-21T00:00:00,2023,,1.88901
2006,A,0,WESR / Global Material Flows Database,EN_MAT_DOMCMPC,24,MF1,T,2025-03-21T00:00:00,2023,,1.8362
2007,A,0,WESR / Global Material Flows Database,EN_MAT_DOMCMPC,24,MF1,T,2025-03-21T00:00:00,2023,,1.91766
2008,A,0,WESR / Global Material Flows Database,EN_MAT_DOMCMPC,24,MF1,T,2025-03-21T00:00:00,2023,,1.89847
2009,A,0,WESR / Global Material Flows Database,EN_MAT_DOMCMPC,24,MF1,T,2025-03-21T00:00:00,2023,,2.164
2010,A,0,WESR / Global Material Flows Database,EN_MAT_DOMCMPC,24,MF1,T,2025-03-21T00:00:00,2023,,2.20205
2011,A,0,WESR / Global Material Flows Database,EN_MAT_DOMCMPC,24,MF1,T,2025-03-21T00:00:00,2023,,2.25557
2012,A,0,WESR / Global Material Flows Database,EN_MAT_DOMCMPC,24,MF1,T,2025-03-21T00:00:00,2023,,1.7614
2013,A,0,WESR / Global Material Flows Database,EN_MAT_DOMCMPC,24,MF1,T,2025-03-21T00:00:00,2023,,2.34298
2014,A,0,WESR / Global Material Flows Database,EN_MAT_DOMCMPC,24,MF1,T,2025-03-21T00:00:00,2023,,1.86537
2015,A,0,WESR / Global Material Flows Database,EN_MAT_DOMCMPC,24,MF1,T,2025-03-21T00:00:00,2023,,1.82948
2016,A,0,WESR / Global Material Flows Database,EN_MAT_DOMCMPC,24,MF1,T,2025-03-21T00:00:00,2023,,1.82857
2017,A,0,WESR / Global Material Flows Database,EN_MAT_DOMCMPC,24,MF1,T,2025-03-21T00:00:00,2023,,1.80543
2018,A,0,WESR / Global Material Flows Database,EN_MAT_DOMCMPC,24,MF1,T,2025-03-21T00:00:00,2023,,1.81545
2019,A,0,WESR / Global Material Flows Database,EN_MAT_DOMCMPC,24,MF1,T,2025-03-21T00:00:00,2023,,1.78115
2020,A,0,WESR / Global Material Flows Database,EN_MAT_DOMCMPC,24,MF1,T,2025-03-21T00:00:00,2023,,1.79587
2021,A,0,WESR / Global Material Flows Database,EN_MAT_DOMCMPC,24,MF1,T,2025-03-21T00:00:00,2023,,1.75537
2022,A,0,WESR / Global Material Flows Database,EN_MAT_DOMCMPC,24,MF1,T,2025-03-21T00:00:00,2023,,1.72811
2023,A,0,WESR / Global Material Flows Database,EN_MAT_DOMCMPC,24,MF1,T,2025-03-21T00:00:00,2023,,1.66595
2000,A,0,WESR / Global Material Flows Database,EN_MAT_DOMCMPC,24,MF11,T,2025-03-21T00:00:00,2023,,0.45679
2001,A,0,WESR / Global Material Flows Database,EN_MAT_DOMCMPC,24,MF11,T,2025-03-21T00:00:00,2023,,0.53016
2002,A,0,WESR / Global Material Flows Database,EN_MAT_DOMCMPC,24,MF11,T,2025-03-21T00:00:00,2023,,0.61466
2003,A,0,WESR / Global Material Flows Database,EN_MAT_DOMCMPC,24,MF11,T,2025-03-21T00:00:00,2023,,0.6377
2004,A,0,WESR / Global Material Flows Database,EN_MAT_DOMCMPC,24,MF11,T,2025-03-21T00:00:00,2023,,0.72912
2005,A,0,WESR / Global Material Flows Database,EN_MAT_DOMCMPC,24,MF11,T,2025-03-21T00:00:00,2023,,0.73921
2006,A,0,WESR / Global Material Flows Database,EN_MAT_DOMCMPC,24,MF11,T,2025-03-21T00:00:00,2023,,0.73253
2007,A,0,WESR / Global Material Flows Database,EN_MAT_DOMCMPC,24,MF11,T,2025-03-21T00:00:00,2023,,0.78875
2008,A,0,WESR / Global Material Flows Database,EN_MAT_DOMCMPC,24,MF11,T,2025-03-21T00:00:00,2023,,0.79933
2009,A,0,WESR / Global Material Flows Database,EN_MAT_DOMCMPC,24,MF11,T,2025-03-21T00:00:00,2023,,0.95323
2010,A,0,WESR / Global Material Flows Database,EN_MAT_DOMCMPC,24,MF11,T,2025-03-21T00:00:00,2023,,0.97681
2011,A,0,WESR / Global Material Flows Database,EN_MAT_DOMCMPC,24,MF11,T,2025-03-21T00:00:00,2023,,1.01423
2012,A,0,WESR / Global Material Flows Database,EN_MAT_DOMCMPC,24,MF11,T,2025-03-21T00:00:00,2023,,0.77662
2013,A,0,WESR / Global Material Flows Database,EN_MAT_DOMCMPC,24,MF11,T,2025-03-21T00:00:00,2023,,1.08456
2014,A,0,WESR / Global Material Flows Database,EN_MAT_DOMCMPC,24,MF11,T,2025-03-21T00:00:00,2023,,0.78965
2015,A,0,WESR / Global Material Flows Database,EN_MAT_DOMCMPC,24,MF11,T,2025-03-21T00:00:00,2023,,0.75948
2016,A,0,WESR / Global Material Flows Database,EN_MAT_DOMCMPC,24,MF11,T,2025-03-21T00:00:00,2023,,0.75023
2017,A,0,WESR / Global Material Flows Database,EN_MAT_DOMCMPC,24,MF11,T,2025-03-21T00:00:00,2023,,0.75381
2018,A,0,WESR / Global Material Flows Database,EN_MAT_DOMCMPC,24,MF11,T,2025-03-21T00:00:00,2023,,0.74725
2019,A,0,WESR / Global Material Flows Database,EN_MAT_DOMCMPC,24,MF11,T,2025-03-21T00:00:00,2023,,0.73223
2020,A,0,WESR / Global Material Flows Database,EN_MAT_DOMCMPC,24,MF11,T,2025-03-21T00:00:00,2023,,0.744
2021,A,0,WESR / Global Material Flows Database,EN_MAT_DOMCMPC,24,MF11,T,2025-03-21T00:00:00,2023,,0.72605
2022,A,0,WESR / Global Material Flows Database,EN_MAT_DOMCMPC,24,MF11,T,2025-03-21T00:00:00,2023,,0.71832
2023,A,0,WESR / Global Material Flows Database,EN_MAT_DOMCMPC,24,MF11,T,2025-03-21T00:00:00,2023,,0.69609
2000,A,0,WESR / Global Material Flows Database,EN_MAT_DOMCMPC,24,MF121,T,2025-03-21T00:00:00,2023,,0.31967
2001,A,0,WESR / Global Material Flows Database,EN_MAT_DOMCMPC,24,MF121,T,2025-03-21T00:00:00,2023,,0.37094
2002,A,0,WESR / Global Material Flows Database,EN_MAT_DOMCMPC,24,MF121,T,2025-03-21T00:00:00,2023,,0.42565
2003,A,0,WESR / Global Material Flows Database,EN_MAT_DOMCMPC,24,MF121,T,2025-03-21T00:00:00,2023,,0.43469
2004,A,0,WESR / Global Material Flows Database,EN_MAT_DOMCMPC,24,MF121,T,2025-03-21T00:00:00,2023,,0.47537
2005,A,0,WESR / Global Material Flows Database,EN_MAT_DOMCMPC,24,MF121,T,2025-03-21T00:00:00,2023,,0.49923
2006,A,0,WESR / Global Material Flows Database,EN_MAT_DOMCMPC,24,MF121,T,2025-03-21T00:00:00,2023,,0.46186
2007,A,0,WESR / Global Material Flows Database,EN_MAT_DOMCMPC,24,MF121,T,2025-03-21T00:00:00,2023,,0.49295
2008,A,0,WESR / Global Material Flows Database,EN_MAT_DOMCMPC,24,MF121,T,2025-03-21T00:00:00,2023,,0.47301
2009,A,0,WESR / Global Material Flows Database,EN_MAT_DOMCMPC,24,MF121,T,2025-03-21T00:00:00,2023,,0.59441
2010,A,0,WESR / Global Material Flows Database,EN_MAT_DOMCMPC,24,MF121,T,2025-03-21T00:00:00,2023,,0.61667
2011,A,0,WESR / Global Material Flows Database,EN_MAT_DOMCMPC,24,MF121,T,2025-03-21T00:00:00,2023,,0.64061
2012,A,0,WESR / Global Material Flows Database,EN_MAT_DOMCMPC,24,MF121,T,2025-03-21T00:00:00,2023,,0.39204
2013,A,0,WESR / Global Material Flows Database,EN_MAT_DOMCMPC,24,MF121,T,2025-03-21T00:00:00,2023,,0.67395
2014,A,0,WESR / Global Material Flows Database,EN_MAT_DOMCMPC,24,MF121,T,2025-03-21T00:00:00,2023,,0.49608
2015,A,0,WESR / Global Material Flows Database,EN_MAT_DOMCMPC,24,MF121,T,2025-03-21T00:00:00,2023,,0.50173
2016,A,0,WESR / Global Material Flows Database,EN_MAT_DOMCMPC,24,MF121,T,2025-03-21T00:00:00,2023,,0.52794
2017,A,0,WESR / Global Material Flows Database,EN_MAT_DOMCMPC,24,MF121,T,2025-03-21T00:00:00,2023,,0.52114
2018,A,0,WESR / Global Material Flows Database,EN_MAT_DOMCMPC,24,MF121,T,2025-03-21T00:00:00,2023,,0.55025
2019,A,0,WESR / Global Material Flows Database,EN_MAT_DOMCMPC,24,MF121,T,2025-03-21T00:00:00,2023,,0.5431
2020,A,0,WESR / Global Material Flows Database,EN_MAT_DOMCMPC,24,MF121,T,2025-03-21T00:00:00,2023,,0.55573
2021,A,0,WESR / Global Material Flows Database,EN_MAT_DOMCMPC,24,MF121,T,2025-03-21T00:00:00,2023,,0.54349
2022,A,0,WESR / Global Material Flows Database,EN_MAT_DOMCMPC,24,MF121,T,2025-03-21T00:00:00,2023,,0.53704
2023,A,0,WESR / Global Material Flows Database,EN_MAT_DOMCMPC,24,MF121,T,2025-03-21T00:00:00,2023,,0.52159
2000,A,0,WESR / Global Material Flows Database,EN_MAT_DOMCMPC,24,MF122,T,2025-03-21T00:00:00,2023,,0.53953
2001,A,0,WESR / Global Material Flows Database,EN_MAT_DOMCMPC,24,MF122,T,2025-03-21T00:00:00,2023,,0.5251
2002,A,0,WESR / Global Material Flows Database,EN_MAT_DOMCMPC,24,MF122,T,2025-03-21T00:00:00,2023,,0.50246
2003,A,0,WESR / Global Material Flows Database,EN_MAT_DOMCMPC,24,MF122,T,2025-03-21T00:00:00,2023,,0.48036
2004,A,0,WESR / Global Material Flows Database,EN_MAT_DOMCMPC,24,MF122,T,2025-03-21T00:00:00,2023,,0.45427
2005,A,0,WESR / Global Material Flows Database,EN_MAT_DOMCMPC,24,MF122,T,2025-03-21T00:00:00,2023,,0.47839
2006,A,0,WESR / Global Material Flows Database,EN_MAT_DOMCMPC,24,MF122,T,2025-03-21T00:00:00,2023,,0.47221
2007,A,0,WESR / Global Material Flows Database,EN_MAT_DOMCMPC,24,MF122,T,2025-03-21T00:00:00,2023,,0.46589
2008,A,0,WESR / Global Material Flows Database,EN_MAT_DOMCMPC,24,MF122,T,2025-03-21T00:00:00,2023,,0.45952
2009,A,0,WESR / Global Material Flows Database,EN_MAT_DOMCMPC,24,MF122,T,2025-03-21T00:00:00,2023,,0.45312
2010,A,0,WESR / Global Material Flows Database,EN_MAT_DOMCMPC,24,MF122,T,2025-03-21T00:00:00,2023,,0.44664
2011,A,0,WESR / Global Material Flows Database,EN_MAT_DOMCMPC,24,MF122,T,2025-03-21T00:00:00,2023,,0.43991
2012,A,0,WESR / Global Material Flows Database,EN_MAT_DOMCMPC,24,MF122,T,2025-03-21T00:00:00,2023,,0.43329
2013,A,0,WESR / Global Material Flows Database,EN_MAT_DOMCMPC,24,MF122,T,2025-03-21T00:00:00,2023,,0.42687
2014,A,0,WESR / Global Material Flows Database,EN_MAT_DOMCMPC,24,MF122,T,2025-03-21T00:00:00,2023,,0.42068
2015,A,0,WESR / Global Material Flows Database,EN_MAT_DOMCMPC,24,MF122,T,2025-03-21T00:00:00,2023,,0.41395
2016,A,0,WESR / Global Material Flows Database,EN_MAT_DOMCMPC,24,MF122,T,2025-03-21T00:00:00,2023,,0.40455
2017,A,0,WESR / Global Material Flows Database,EN_MAT_DOMCMPC,24,MF122,T,2025-03-21T00:00:00,2023,,0.38331
2018,A,0,WESR / Global Material Flows Database,EN_MAT_DOMCMPC,24,MF122,T,2025-03-21T00:00:00,2023,,0.37615
2019,A,0,WESR / Global Material Flows Database,EN_MAT_DOMCMPC,24,MF122,T,2025-03-21T00:00:00,2023,,0.36785
2020,A,0,WESR / Global Material Flows Database,EN_MAT_DOMCMPC,24,MF122,T,2025-03-21T00:00:00,2023,,0.35948
2021,A,0,WESR / Global Material Flows Database,EN_MAT_DOMCMPC,24,MF122,T,2025-03-21T00:00:00,2023,,0.35145
2022,A,0,WESR / Global Material Flows Database,EN_MAT_DOMCMPC,24,MF122,T,2025-03-21T00:00:00,2023,,0.34572
2023,A,0,WESR / Global Material Flows Database,EN_MAT_DOMCMPC,24,MF122,T,2025-03-21T00:00:00,2023,,0.33105
2000,A,0,WESR / Global Material Flows Database,EN_MAT_DOMCMPC,24,MF13,T,2025-03-21T00:00:00,2023,,0.17659
2001,A,0,WESR / Global Material Flows Database,EN_MAT_DOMCMPC,24,MF13,T,2025-03-21T00:00:00,2023,,0.17423
2002,A,0,WESR / Global Material Flows Database,EN_MAT_DOMCMPC,24,MF13,T,2025-03-21T00:00:00,2023,,0.17163
2003,A,0,WESR / Global Material Flows Database,EN_MAT_DOMCMPC,24,MF13,T,2025-03-21T00:00:00,2023,,0.16959
2004,A,0,WESR / Global Material Flows Database,EN_MAT_DOMCMPC,24,MF13,T,2025-03-21T00:00:00,2023,,0.16727
2005,A,0,WESR / Global Material Flows Database,EN_MAT_DOMCMPC,24,MF13,T,2025-03-21T00:00:00,2023,,0.16447
2006,A,0,WESR / Global Material Flows Database,EN_MAT_DOMCMPC,24,MF13,T,2025-03-21T00:00:00,2023,,0.161
2007,A,0,WESR / Global Material Flows Database,EN_MAT_DOMCMPC,24,MF13,T,2025-03-21T00:00:00,2023,,0.15856
2008,A,0,WESR / Global Material Flows Database,EN_MAT_DOMCMPC,24,MF13,T,2025-03-21T00:00:00,2023,,0.15574
2009,A,0,WESR / Global Material Flows Database,EN_MAT_DOMCMPC,24,MF13,T,2025-03-21T00:00:00,2023,,0.15332
2010,A,0,WESR / Global Material Flows Database,EN_MAT_DOMCMPC,24,MF13,T,2025-03-21T00:00:00,2023,,0.1505
2011,A,0,WESR / Global Material Flows Database,EN_MAT_DOMCMPC,24,MF13,T,2025-03-21T00:00:00,2023,,0.14843
2012,A,0,WESR / Global Material Flows Database,EN_MAT_DOMCMPC,24,MF13,T,2025-03-21T00:00:00,2023,,0.14521
2013,A,0,WESR / Global Material Flows Database,EN_MAT_DOMCMPC,24,MF13,T,2025-03-21T00:00:00,2023,,0.144
2014,A,0,WESR / Global Material Flows Database,EN_MAT_DOMCMPC,24,MF13,T,2025-03-21T00:00:00,2023,,0.14115
2015,A,0,WESR / Global Material Flows Database,EN_MAT_DOMCMPC,24,MF13,T,2025-03-21T00:00:00,2023,,0.13846
2016,A,0,WESR / Global Material Flows Database,EN_MAT_DOMCMPC,24,MF13,T,2025-03-21T00:00:00,2023,,0.13411
2017,A,0,WESR / Global Material Flows Database,EN_MAT_DOMCMPC,24,MF13,T,2025-03-21T00:00:00,2023,,0.13276
2018,A,0,WESR / Global Material Flows Database,EN_MAT_DOMCMPC,24,MF13,T,2025-03-21T00:00:00,2023,,0.13093
2019,A,0,WESR / Global Material Flows Database,EN_MAT_DOMCMPC,24,MF13,T,2025-03-21T00:00:00,2023,,0.129
2020,A,0,WESR / Global Material Flows Database,EN_MAT_DOMCMPC,24,MF13,T,2025-03-21T00:00:00,2023,,0.12855
2021,A,0,WESR / Global Material Flows Database,EN_MAT_DOMCMPC,24,MF13,T,2025-03-21T00:00:00,2023,,0.12612
2022,A,0,WESR / Global Material Flows Database,EN_MAT_DOMCMPC,24,MF13,T,2025-03-21T00:00:00,2023,,0.11881
2023,A,0,WESR / Global Material Flows Database,EN_MAT_DOMCMPC,24,MF13,T,2025-03-21T00:00:00,2023,,0.10922
2000,A,0,WESR / Global Material Flows Database,EN_MAT_DOMCMPC,24,MF14,T,2025-03-21T00:00:00,2023,,0.00847
2001,A,0,WESR / Global Material Flows Database,EN_MAT_DOMCMPC,24,MF14,T,2025-03-21T00:00:00,2023,,0.00869
2002,A,0,WESR / Global Material Flows Database,EN_MAT_DOMCMPC,24,MF14,T,2025-03-21T00:00:00,2023,,0.00905
2003,A,0,WESR / Global Material Flows Database,EN_MAT_DOMCMPC,24,MF14,T,2025-03-21T00:00:00,2023,,0.00858
2004,A,0,WESR / Global Material Flows Database,EN_MAT_DOMCMPC,24,MF14,T,2025-03-21T00:00:00,2023,,0.00941
2005,A,0,WESR / Global Material Flows Database,EN_MAT_DOMCMPC,24,MF14,T,2025-03-21T00:00:00,2023,,0.00771
2006,A,0,WESR / Global Material Flows Database,EN_MAT_DOMCMPC,24,MF14,T,2025-03-21T00:00:00,2023,,0.00861
2007,A,0,WESR / Global Material Flows Database,EN_MAT_DOMCMPC,24,MF14,T,2025-03-21T00:00:00,2023,,0.01152
2008,A,0,WESR / Global Material Flows Database,EN_MAT_DOMCMPC,24,MF14,T,2025-03-21T00:00:00,2023,,0.01088
2009,A,0,WESR / Global Material Flows Database,EN_MAT_DOMCMPC,24,MF14,T,2025-03-21T00:00:00,2023,,0.00991
2010,A,0,WESR / Global Material Flows Database,EN_MAT_DOMCMPC,24,MF14,T,2025-03-21T00:00:00,2023,,0.01143
2011,A,0,WESR / Global Material Flows Database,EN_MAT_DOMCMPC,24,MF14,T,2025-03-21T00:00:00,2023,,0.01239
2012,A,0,WESR / Global Material Flows Database,EN_MAT_DOMCMPC,24,MF14,T,2025-03-21T00:00:00,2023,,0.01424
2013,A,0,WESR / Global Material Flows Database,EN_MAT_DOMCMPC,24,MF14,T,2025-03-21T00:00:00,2023,,0.0136
2014,A,0,WESR / Global Material Flows Database,EN_MAT_DOMCMPC,24,MF14,T,2025-03-21T00:00:00,2023,,0.01781
2015,A,0,WESR / Global Material Flows Database,EN_MAT_DOMCMPC,24,MF14,T,2025-03-21T00:00:00,2023,,0.01586
2016,A,0,WESR / Global Material Flows Database,EN_MAT_DOMCMPC,24,MF14,T,2025-03-21T00:00:00,2023,,0.01174
2017,A,0,WESR / Global Material Flows Database,EN_MAT_DOMCMPC,24,MF14,T,2025-03-21T00:00:00,2023,,0.01441
2018,A,0,WESR / Global Material Flows Database,EN_MAT_DOMCMPC,24,MF14,T,2025-03-21T00:00:00,2023,,0.01087
2019,A,0,WESR / Global Material Flows Database,EN_MAT_DOMCMPC,24,MF14,T,2025-03-21T00:00:00,2023,,0.00896
2020,A,0,WESR / Global Material Flows Database,EN_MAT_DOMCMPC,24,MF14,T,2025-03-21T00:00:00,2023,,0.00811
2021,A,0,WESR / Global Material Flows Database,EN_MAT_DOMCMPC,24,MF14,T,2025-03-21T00:00:00,2023,,0.00827
2022,A,0,WESR / Global Material Flows Database,EN_MAT_DOMCMPC,24,MF14,T,2025-03-21T00:00:00,2023,,0.00823
2023,A,0,WESR / Global Material Flows Database,EN_MAT_DOMCMPC,24,MF14,T,2025-03-21T00:00:00,2023,,0.00799
2000,A,0,WESR / Global Material Flows Database,EN_MAT_DOMCMPC,24,MF2,T,2025-03-21T00:00:00,2023,,0.0
2001,A,0,WESR / Global Material Flows Database,EN_MAT_DOMCMPC,24,MF2,T,2025-03-21T00:00:00,2023,,0.0
2002,A,0,WESR / Global Material Flows Database,EN_MAT_DOMCMPC,24,MF2,T,2025-03-21T00:00:00,2023,,0.0
2003,A,0,WESR / Global Material Flows Database,EN_MAT_DOMCMPC,24,MF2,T,2025-03-21T00:00:00,2023,,0.0
2004,A,0,WESR / Global Material Flows Database,EN_MAT_DOMCMPC,24,MF2,T,2025-03-21T00:00:00,2023,,0.0
2005,A,0,WESR / Global Material Flows Database,EN_MAT_DOMCMPC,24,MF2,T,2025-03-21T00:00:00,2023,,0.0
2006,A,0,WESR / Global Material Flows Database,EN_MAT_DOMCMPC,24,MF2,T,2025-03-21T00:00:00,2023,,0.0
2007,A,0,WESR / Global Material Flows Database,EN_MAT_DOMCMPC,24,MF2,T,2025-03-21T00:00:00,2023,,0.02443
2008,A,0,WESR / Global Material Flows Database,EN_MAT_DOMCMPC,24,MF2,T,2025-03-21T00:00:00,2023,,0.0
2009,A,0,WESR / Global Material Flows Database,EN_MAT_DOMCMPC,24,MF2,T,2025-03-21T00:00:00,2023,,0.04618
2010,A,0,WESR / Global Material Flows Database,EN_MAT_DOMCMPC,24,MF2,T,2025-03-21T00:00:00,2023,,0.03237
2011,A,0,WESR / Global Material Flows Database,EN_MAT_DOMCMPC,24,MF2,T,2025-03-21T00:00:00,2023,,0.03047
2012,A,0,WESR / Global Material Flows Database,EN_MAT_DOMCMPC,24,MF2,T,2025-03-21T00:00:00,2023,,0.03747
2013,A,0,WESR / Global Material Flows Database,EN_MAT_DOMCMPC,24,MF2,T,2025-03-21T00:00:00,2023,,0.04416
2014,A,0,WESR / Global Material Flows Database,EN_MAT_DOMCMPC,24,MF2,T,2025-03-21T00:00:00,2023,,0.06262
2015,A,0,WESR / Global Material Flows Database,EN_MAT_DOMCMPC,24,MF2,T,2025-03-21T00:00:00,2023,,0.0444
2016,A,0,WESR / Global Material Flows Database,EN_MAT_DOMCMPC,24,MF2,T,2025-03-21T00:00:00,2023,,0.02065
2017,A,0,WESR / Global Material Flows Database,EN_MAT_DOMCMPC,24,MF2,T,2025-03-21T00:00:00,2023,,0.01485
2018,A,0,WESR / Global Material Flows Database,EN_MAT_DOMCMPC,24,MF2,T,2025-03-21T00:00:00,2023,,0.00622
2019,A,0,WESR / Global Material Flows Database,EN_MAT_DOMCMPC,24,MF2,T,2025-03-21T00:00:00,2023,,0.00861
2020,A,0,WESR / Global Material Flows Database,EN_MAT_DOMCMPC,24,MF2,T,2025-03-21T00:00:00,2023,,0.00842
2021,A,0,WESR / Global Material Flows Database,EN_MAT_DOMCMPC,24,MF2,T,2025-03-21T00:00:00,2023,,0.00849
2022,A,0,WESR / Global Material Flows Database,EN_MAT_DOMCMPC,24,MF2,T,2025-03-21T00:00:00,2023,,0.00861
2023,A,0,WESR / Global Material Flows Database,EN_MAT_DOMCMPC,24,MF2,T,2025-03-21T00:00:00,2023,,0.00856
2000,A,0,WESR / Global Material Flows Database,EN_MAT_DOMCMPC,24,MF21,T,2025-03-21T00:00:00,2023,,0.0
2001,A,0,WESR / Global Material Flows Database,EN_MAT_DOMCMPC,24,MF21,T,2025-03-21T00:00:00,2023,,0.0
2002,A,0,WESR / Global Material Flows Database,EN_MAT_DOMCMPC,24,MF21,T,2025-03-21T00:00:00,2023,,0.0
2003,A,0,WESR / Global Material Flows Database,EN_MAT_DOMCMPC,24,MF21,T,2025-03-21T00:00:00,2023,,0.0
2004,A,0,WESR / Global Material Flows Database,EN_MAT_DOMCMPC,24,MF21,T,2025-03-21T00:00:00,2023,,0.0
2005,A,0,WESR / Global Material Flows Database,EN_MAT_DOMCMPC,24,MF21,T,2025-03-21T00:00:00,2023,,0.0
2006,A,0,WESR / Global Material Flows Database,EN_MAT_DOMCMPC,24,MF21,T,2025-03-21T00:00:00,2023,,0.0
2007,A,0,WESR / Global Material Flows Database,EN_MAT_DOMCMPC,24,MF21,T,2025-03-21T00:00:00,2023,,0.02224
2008,A,0,WESR / Global Material Flows Database,EN_MAT_DOMCMPC,24,MF21,T,2025-03-21T00:00:00,2023,,0.0
2009,A,0,WESR / Global Material Flows Database,EN_MAT_DOMCMPC,24,MF21,T,2025-03-21T00:00:00,2023,,0.04251
2010,A,0,WESR / Global Material Flows Database,EN_MAT_DOMCMPC,24,MF21,T,2025-03-21T00:00:00,2023,,0.02887
2011,A,0,WESR / Global Material Flows Database,EN_MAT_DOMCMPC,24,MF21,T,2025-03-21T00:00:00,2023,,0.02648
2012,A,0,WESR / Global Material Flows Database,EN_MAT_DOMCMPC,24,MF21,T,2025-03-21T00:00:00,2023,,0.03414
2013,A,0,WESR / Global Material Flows Database,EN_MAT_DOMCMPC,24,MF21,T,2025-03-21T00:00:00,2023,,0.03994
2014,A,0,WESR / Global Material Flows Database,EN_MAT_DOMCMPC,24,MF21,T,2025-03-21T00:00:00,2023,,0.0577
2015,A,0,WESR / Global Material Flows Database,EN_MAT_DOMCMPC,24,MF21,T,2025-03-21T00:00:00,2023,,0.04244
2016,A,0,WESR / Global Material Flows Database,EN_MAT_DOMCMPC,24,MF21,T,2025-03-21T00:00:00,2023,,0.01966
2017,A,0,WESR / Global Material Flows Database,EN_MAT_DOMCMPC,24,MF21,T,2025-03-21T00:00:00,2023,,0.01317
2018,A,0,WESR / Global Material Flows Database,EN_MAT_DOMCMPC,24,MF21,T,2025-03-21T00:00:00,2023,,0.00509
2019,A,0,WESR / Global Material Flows Database,EN_MAT_DOMCMPC,24,MF21,T,2025-03-21T00:00:00,2023,,0.00747
2020,A,0,WESR / Global Material Flows Database,EN_MAT_DOMCMPC,24,MF21,T,2025-03-21T00:00:00,2023,,0.00725
2021,A,0,WESR / Global Material Flows Database,EN_MAT_DOMCMPC,24,MF21,T,2025-03-21T00:00:00,2023,,0.00734
2022,A,0,WESR / Global Material Flows Database,EN_MAT_DOMCMPC,24,MF21,T,2025-03-21T00:00:00,2023,,0.00742
2023,A,0,WESR / Global Material Flows Database,EN_MAT_DOMCMPC,24,MF21,T,2025-03-21T00:00:00,2023,,0.00736
2000,A,0,WESR / Global Material Flows Database,EN_MAT_DOMCMPC,24,MF22,T,2025-03-21T00:00:00,2023,,0.0
2001,A,0,WESR / Global Material Flows Database,EN_MAT_DOMCMPC,24,MF22,T,2025-03-21T00:00:00,2023,,0.0
2002,A,0,WESR / Global Material Flows Database,EN_MAT_DOMCMPC,24,MF22,T,2025-03-21T00:00:00,2023,,0.0
2003,A,0,WESR / Global Material Flows Database,EN_MAT_DOMCMPC,24,MF22,T,2025-03-21T00:00:00,2023,,0.0
2004,A,0,WESR / Global Material Flows Database,EN_MAT_DOMCMPC,24,MF22,T,2025-03-21T00:00:00,2023,,0.0
2005,A,0,WESR / Global Material Flows Database,EN_MAT_DOMCMPC,24,MF22,T,2025-03-21T00:00:00,2023,,0.0
2006,A,0,WESR / Global Material Flows Database,EN_MAT_DOMCMPC,24,MF22,T,2025-03-21T00:00:00,2023,,0.0
2007,A,0,WESR / Global Material Flows Database,EN_MAT_DOMCMPC,24,MF22,T,2025-03-21T00:00:00,2023,,0.0022
2008,A,0,WESR / Global Material Flows Database,EN_MAT_DOMCMPC,24,MF22,T,2025-03-21T00:00:00,2023,,0.0
2009,A,0,WESR / Global Material Flows Database,EN_MAT_DOMCMPC,24,MF22,T,2025-03-21T00:00:00,2023,,0.00366
2010,A,0,WESR / Global Material Flows Database,EN_MAT_DOMCMPC,24,MF22,T,2025-03-21T00:00:00,2023,,0.0035
2011,A,0,WESR / Global Material Flows Database,EN_MAT_DOMCMPC,24,MF22,T,2025-03-21T00:00:00,2023,,0.00399
2012,A,0,WESR / Global Material Flows Database,EN_MAT_DOMCMPC,24,MF22,T,2025-03-21T00:00:00,2023,,0.00333
2013,A,0,WESR / Global Material Flows Database,EN_MAT_DOMCMPC,24,MF22,T,2025-03-21T00:00:00,2023,,0.00423
2014,A,0,WESR / Global Material Flows Database,EN_MAT_DOMCMPC,24,MF22,T,2025-03-21T00:00:00,2023,,0.00493
2015,A,0,WESR / Global Material Flows Database,EN_MAT_DOMCMPC,24,MF22,T,2025-03-21T00:00:00,2023,,0.00196
2016,A,0,WESR / Global Material Flows Database,EN_MAT_DOMCMPC,24,MF22,T,2025-03-21T00:00:00,2023,,0.00099
2017,A,0,WESR / Global Material Flows Database,EN_MAT_DOMCMPC,24,MF22,T,2025-03-21T00:00:00,2023,,0.00168
2018,A,0,WESR / Global Material Flows Database,EN_MAT_DOMCMPC,24,MF22,T,2025-03-21T00:00:00,2023,,0.00113
2019,A,0,WESR / Global Material Flows Database,EN_MAT_DOMCMPC,24,MF22,T,2025-03-21T00:00:00,2023,,0.00114
2020,A,0,WESR / Global Material Flows Database,EN_MAT_DOMCMPC,24,MF22,T,2025-03-21T00:00:00,2023,,0.00117
2021,A,0,WESR / Global Material Flows Database,EN_MAT_DOMCMPC,24,MF22,T,2025-03-21T00:00:00,2023,,0.00116
2022,A,0,WESR / Global Material Flows Database,EN_MAT_DOMCMPC,24,MF22,T,2025-03-21T00:00:00,2023,,0.00119
2023,A,0,WESR / Global Material Flows Database,EN_MAT_DOMCMPC,24,MF22,T,2025-03-21T00:00:00,2023,,0.0012
2000,A,0,WESR / Global Material Flows Database,EN_MAT_DOMCMPC,24,MF3,T,2025-03-21T00:00:00,2023,,1.28474
2001,A,0,WESR / Global Material Flows Database,EN_MAT_DOMCMPC,24,MF3,T,2025-03-21T00:00:00,2023,,1.42631
2002,A,0,WESR / Global Material Flows Database,EN_MAT_DOMCMPC,24,MF3,T,2025-03-21T00:00:00,2023,,1.77093
2003,A,0,WESR / Global Material Flows Database,EN_MAT_DOMCMPC,24,MF3,T,2025-03-21T00:00:00,2023,,1.79012
2004,A,0,WESR / Global Material Flows Database,EN_MAT_DOMCMPC,24,MF3,T,2025-03-21T00:00:00,2023,,1.7596
2005,A,0,WESR / Global Material Flows Database,EN_MAT_DOMCMPC,24,MF3,T,2025-03-21T00:00:00,2023,,1.82118
2006,A,0,WESR / Global Material Flows Database,EN_MAT_DOMCMPC,24,MF3,T,2025-03-21T00:00:00,2023,,2.19202
2007,A,0,WESR / Global Material Flows Database,EN_MAT_DOMCMPC,24,MF3,T,2025-03-21T00:00:00,2023,,2.44705
2008,A,0,WESR / Global Material Flows Database,EN_MAT_DOMCMPC,24,MF3,T,2025-03-21T00:00:00,2023,,2.18054
2009,A,0,WESR / Global Material Flows Database,EN_MAT_DOMCMPC,24,MF3,T,2025-03-21T00:00:00,2023,,3.73613
2010,A,0,WESR / Global Material Flows Database,EN_MAT_DOMCMPC,24,MF3,T,2025-03-21T00:00:00,2023,,2.53428
2011,A,0,WESR / Global Material Flows Database,EN_MAT_DOMCMPC,24,MF3,T,2025-03-21T00:00:00,2023,,2.62331
2012,A,0,WESR / Global Material Flows Database,EN_MAT_DOMCMPC,24,MF3,T,2025-03-21T00:00:00,2023,,6.95261
2013,A,0,WESR / Global Material Flows Database,EN_MAT_DOMCMPC,24,MF3,T,2025-03-21T00:00:00,2023,,7.07124
2014,A,0,WESR / Global Material Flows Database,EN_MAT_DOMCMPC,24,MF3,T,2025-03-21T00:00:00,2023,,6.9199
2015,A,0,WESR / Global Material Flows Database,EN_MAT_DOMCMPC,24,MF3,T,2025-03-21T00:00:00,2023,,5.83402
2016,A,0,WESR / Global Material Flows Database,EN_MAT_DOMCMPC,24,MF3,T,2025-03-21T00:00:00,2023,,5.27098
2017,A,0,WESR / Global Material Flows Database,EN_MAT_DOMCMPC,24,MF3,T,2025-03-21T00:00:00,2023,,1.4843
2018,A,0,WESR / Global Material Flows Database,EN_MAT_DOMCMPC,24,MF3,T,2025-03-21T00:00:00,2023,,2.35055
2019,A,0,WESR / Global Material Flows Database,EN_MAT_DOMCMPC,24,MF3,T,2025-03-21T00:00:00,2023,,2.2913
2020,A,0,WESR / Global Material Flows Database,EN_MAT_DOMCMPC,24,MF3,T,2025-03-21T00:00:00,2023,,2.01033
2021,A,0,WESR / Global Material Flows Database,EN_MAT_DOMCMPC,24,MF3,T,2025-03-21T00:00:00,2023,,2.06316
2022,A,0,WESR / Global Material Flows Database,EN_MAT_DOMCMPC,24,MF3,T,2025-03-21T00:00:00,2023,,2.07051
2023,A,0,WESR / Global Material Flows Database,EN_MAT_DOMCMPC,24,MF3,T,2025-03-21T00:00:00,2023,,2.02819
2000,A,0,WESR / Global Material Flows Database,EN_MAT_DOMCMPC,24,MF4,T,2025-03-21T00:00:00,2023,,0.17029
2001,A,0,WESR / Global Material Flows Database,EN_MAT_DOMCMPC,24,MF4,T,2025-03-21T00:00:00,2023,,0.14547
2002,A,0,WESR / Global Material Flows Database,EN_MAT_DOMCMPC,24,MF4,T,2025-03-21T00:00:00,2023,,0.14353
2003,A,0,WESR / Global Material Flows Database,EN_MAT_DOMCMPC,24,MF4,T,2025-03-21T00:00:00,2023,,0.1516
2004,A,0,WESR / Global Material Flows Database,EN_MAT_DOMCMPC,24,MF4,T,2025-03-21T00:00:00,2023,,0.15894
2005,A,0,WESR / Global Material Flows Database,EN_MAT_DOMCMPC,24,MF4,T,2025-03-21T00:00:00,2023,,0.1337
2006,A,0,WESR / Global Material Flows Database,EN_MAT_DOMCMPC,24,MF4,T,2025-03-21T00:00:00,2023,,0.18161
2007,A,0,WESR / Global Material Flows Database,EN_MAT_DOMCMPC,24,MF4,T,2025-03-21T00:00:00,2023,,0.15452
2008,A,0,WESR / Global Material Flows Database,EN_MAT_DOMCMPC,24,MF4,T,2025-03-21T00:00:00,2023,,0.18353
2009,A,0,WESR / Global Material Flows Database,EN_MAT_DOMCMPC,24,MF4,T,2025-03-21T00:00:00,2023,,0.12982
2010,A,0,WESR / Global Material Flows Database,EN_MAT_DOMCMPC,24,MF4,T,2025-03-21T00:00:00,2023,,0.12495
2011,A,0,WESR / Global Material Flows Database,EN_MAT_DOMCMPC,24,MF4,T,2025-03-21T00:00:00,2023,,0.19378
2012,A,0,WESR / Global Material Flows Database,EN_MAT_DOMCMPC,24,MF4,T,2025-03-21T00:00:00,2023,,0.1243
2013,A,0,WESR / Global Material Flows Database,EN_MAT_DOMCMPC,24,MF4,T,2025-03-21T00:00:00,2023,,0.12517
2014,A,0,WESR / Global Material Flows Database,EN_MAT_DOMCMPC,24,MF4,T,2025-03-21T00:00:00,2023,,0.1373
2015,A,0,WESR / Global Material Flows Database,EN_MAT_DOMCMPC,24,MF4,T,2025-03-21T00:00:00,2023,,0.12105
2016,A,0,WESR / Global Material Flows Database,EN_MAT_DOMCMPC,24,MF4,T,2025-03-21T00:00:00,2023,,0.13612
2017,A,0,WESR / Global Material Flows Database,EN_MAT_DOMCMPC,24,MF4,T,2025-03-21T00:00:00,2023,,0.24165
2018,A,0,WESR / Global Material Flows Database,EN_MAT_DOMCMPC,24,MF4,T,2025-03-21T00:00:00,2023,,0.23453
2019,A,0,WESR / Global Material Flows Database,EN_MAT_DOMCMPC,24,MF4,T,2025-03-21T00:00:00,2023,,0.26471
2020,A,0,WESR / Global Material Flows Database,EN_MAT_DOMCMPC,24,MF4,T,2025-03-21T00:00:00,2023,,0.24872
2021,A,0,WESR / Global Material Flows Database,EN_MAT_DOMCMPC,24,MF4,T,2025-03-21T00:00:00,2023,,0.20045
2022,A,0,WESR / Global Material Flows Database,EN_MAT_DOMCMPC,24,MF4,T,2025-03-21T00:00:00,2023,,0.19431
2023,A,0,WESR / Global Material Flows Database,EN_MAT_DOMCMPC,24,MF4,T,2025-03-21T00:00:00,2023,,0.18194
2000,A,0,WESR / Global Material Flows Database,EN_MAT_DOMCMPC,24,MF41,T,2025-03-21T00:00:00,2023,,0.0
2001,A,0,WESR / Global Material Flows Database,EN_MAT_DOMCMPC,24,MF41,T,2025-03-21T00:00:00,2023,,0.0
2002,A,0,WESR / Global Material Flows Database,EN_MAT_DOMCMPC,24,MF41,T,2025-03-21T00:00:00,2023,,0.0
2003,A,0,WESR / Global Material Flows Database,EN_MAT_DOMCMPC,24,MF41,T,2025-03-21T00:00:00,2023,,0.0
2004,A,0,WESR / Global Material Flows Database,EN_MAT_DOMCMPC,24,MF41,T,2025-03-21T00:00:00,2023,,0.0
2005,A,0,WESR / Global Material Flows Database,EN_MAT_DOMCMPC,24,MF41,T,2025-03-21T00:00:00,2023,,0.0
2006,A,0,WESR / Global Material Flows Database,EN_MAT_DOMCMPC,24,MF41,T,2025-03-21T00:00:00,2023,,0.0
2007,A,0,WESR / Global Material Flows Database,EN_MAT_DOMCMPC,24,MF41,T,2025-03-21T00:00:00,2023,,0.0
2008,A,0,WESR / Global Material Flows Database,EN_MAT_DOMCMPC,24,MF41,T,2025-03-21T00:00:00,2023,,0.0
2009,A,0,WESR / Global Material Flows Database,EN_MAT_DOMCMPC,24,MF41,T,2025-03-21T00:00:00,2023,,0.0
2010,A,0,WESR / Global Material Flows Database,EN_MAT_DOMCMPC,24,MF41,T,2025-03-21T00:00:00,2023,,0.0
2011,A,0,WESR / Global Material Flows Database,EN_MAT_DOMCMPC,24,MF41,T,2025-03-21T00:00:00,2023,,0.0
2012,A,0,WESR / Global Material Flows Database,EN_MAT_DOMCMPC,24,MF41,T,2025-03-21T00:00:00,2023,,0.0
2013,A,0,WESR / Global Material Flows Database,EN_MAT_DOMCMPC,24,MF41,T,2025-03-21T00:00:00,2023,,0.0
2014,A,0,WESR / Global Material Flows Database,EN_MAT_DOMCMPC,24,MF41,T,2025-03-21T00:00:00,2023,,0.0
2015,A,0,WESR / Global Material Flows Database,EN_MAT_DOMCMPC,24,MF41,T,2025-03-21T00:00:00,2023,,0.0
2016,A,0,WESR / Global Material Flows Database,EN_MAT_DOMCMPC,24,MF41,T,2025-03-21T00:00:00,2023,,0.0
2017,A,0,WESR / Global Material Flows Database,EN_MAT_DOMCMPC,24,MF41,T,2025-03-21T00:00:00,2023,,0.0
2018,A,0,WESR / Global Material Flows Database,EN_MAT_DOMCMPC,24,MF41,T,2025-03-21T00:00:00,2023,,0.0
2019,A,0,WESR / Global Material Flows Database,EN_MAT_DOMCMPC,24,MF41,T,2025-03-21T00:00:00,2023,,0.0
2020,A,0,WESR / Global Material Flows Database,EN_MAT_DOMCMPC,24,MF41,T,2025-03-21T00:00:00,2023,,0.0
2021,A,0,WESR / Global Material Flows Database,EN_MAT_DOMCMPC,24,MF41,T,2025-03-21T00:00:00,2023,,0.0
2022,A,0,WESR / Global Material Flows Database,EN_MAT_DOMCMPC,24,MF41,T,2025-03-21T00:00:00,2023,,0.0
2023,A,0,WESR / Global Material Flows Database,EN_MAT_DOMCMPC,24,MF41,T,2025-03-21T00:00:00,2023,,0.0
2000,A,0,WESR / Global Material Flows Database,EN_MAT_DOMCMPC,24,MF421,T,2025-03-21T00:00:00,2023,,0.14609
2001,A,0,WESR / Global Material Flows Database,EN_MAT_DOMCMPC,24,MF421,T,2025-03-21T00:00:00,2023,,0.12407
2002,A,0,WESR / Global Material Flows Database,EN_MAT_DOMCMPC,24,MF421,T,2025-03-21T00:00:00,2023,,0.11932
2003,A,0,WESR / Global Material Flows Database,EN_MAT_DOMCMPC,24,MF421,T,2025-03-21T00:00:00,2023,,0.12707
2004,A,0,WESR / Global Material Flows Database,EN_MAT_DOMCMPC,24,MF421,T,2025-03-21T00:00:00,2023,,0.13087
2005,A,0,WESR / Global Material Flows Database,EN_MAT_DOMCMPC,24,MF421,T,2025-03-21T00:00:00,2023,,0.11023
2006,A,0,WESR / Global Material Flows Database,EN_MAT_DOMCMPC,24,MF421,T,2025-03-21T00:00:00,2023,,0.15792
2007,A,0,WESR / Global Material Flows Database,EN_MAT_DOMCMPC,24,MF421,T,2025-03-21T00:00:00,2023,,0.12664
2008,A,0,WESR / Global Material Flows Database,EN_MAT_DOMCMPC,24,MF421,T,2025-03-21T00:00:00,2023,,0.16209
2009,A,0,WESR / Global Material Flows Database,EN_MAT_DOMCMPC,24,MF421,T,2025-03-21T00:00:00,2023,,0.10885
2010,A,0,WESR / Global Material Flows Database,EN_MAT_DOMCMPC,24,MF421,T,2025-03-21T00:00:00,2023,,0.10349
2011,A,0,WESR / Global Material Flows Database,EN_MAT_DOMCMPC,24,MF421,T,2025-03-21T00:00:00,2023,,0.17264
2012,A,0,WESR / Global Material Flows Database,EN_MAT_DOMCMPC,24,MF421,T,2025-03-21T00:00:00,2023,,0.10366
2013,A,0,WESR / Global Material Flows Database,EN_MAT_DOMCMPC,24,MF421,T,2025-03-21T00:00:00,2023,,0.11416
2014,A,0,WESR / Global Material Flows Database,EN_MAT_DOMCMPC,24,MF421,T,2025-03-21T00:00:00,2023,,0.12926
2015,A,0,WESR / Global Material Flows Database,EN_MAT_DOMCMPC,24,MF421,T,2025-03-21T00:00:00,2023,,0.10232
2016,A,0,WESR / Global Material Flows Database,EN_MAT_DOMCMPC,24,MF421,T,2025-03-21T00:00:00,2023,,0.11691
2017,A,0,WESR / Global Material Flows Database,EN_MAT_DOMCMPC,24,MF421,T,2025-03-21T00:00:00,2023,,0.22032
2018,A,0,WESR / Global Material Flows Database,EN_MAT_DOMCMPC,24,MF421,T,2025-03-21T00:00:00,2023,,0.21332
2019,A,0,WESR / Global Material Flows Database,EN_MAT_DOMCMPC,24,MF421,T,2025-03-21T00:00:00,2023,,0.23483
2020,A,0,WESR / Global Material Flows Database,EN_MAT_DOMCMPC,24,MF421,T,2025-03-21T00:00:00,2023,,0.21889
2021,A,0,WESR / Global Material Flows Database,EN_MAT_DOMCMPC,24,MF421,T,2025-03-21T00:00:00,2023,,0.17496
2022,A,0,WESR / Global Material Flows Database,EN_MAT_DOMCMPC,24,MF421,T,2025-03-21T00:00:00,2023,,0.16944
2023,A,0,WESR / Global Material Flows Database,EN_MAT_DOMCMPC,24,MF421,T,2025-03-21T00:00:00,2023,,0.15875
2000,A,0,WESR / Global Material Flows Database,EN_MAT_DOMCMPC,24,MF422,T,2025-03-21T00:00:00,2023,,0.0242
2001,A,0,WESR / Global Material Flows Database,EN_MAT_DOMCMPC,24,MF422,T,2025-03-21T00:00:00,2023,,0.0214
2002,A,0,WESR / Global Material Flows Database,EN_MAT_DOMCMPC,24,MF422,T,2025-03-21T00:00:00,2023,,0.02421
2003,A,0,WESR / Global Material Flows Database,EN_MAT_DOMCMPC,24,MF422,T,2025-03-21T00:00:00,2023,,0.02453
2004,A,0,WESR / Global Material Flows Database,EN_MAT_DOMCMPC,24,MF422,T,2025-03-21T00:00:00,2023,,0.02806
2005,A,0,WESR / Global Material Flows Database,EN_MAT_DOMCMPC,24,MF422,T,2025-03-21T00:00:00,2023,,0.02347
2006,A,0,WESR / Global Material Flows Database,EN_MAT_DOMCMPC,24,MF422,T,2025-03-21T00:00:00,2023,,0.02369
2007,A,0,WESR / Global Material Flows Database,EN_MAT_DOMCMPC,24,MF422,T,2025-03-21T00:00:00,2023,,0.02788
2008,A,0,WESR / Global Material Flows Database,EN_MAT_DOMCMPC,24,MF422,T,2025-03-21T00:00:00,2023,,0.02144
2009,A,0,WESR / Global Material Flows Database,EN_MAT_DOMCMPC,24,MF422,T,2025-03-21T00:00:00,2023,,0.02097
2010,A,0,WESR / Global Material Flows Database,EN_MAT_DOMCMPC,24,MF422,T,2025-03-21T00:00:00,2023,,0.02146
2011,A,0,WESR / Global Material Flows Database,EN_MAT_DOMCMPC,24,MF422,T,2025-03-21T00:00:00,2023,,0.02115
2012,A,0,WESR / Global Material Flows Database,EN_MAT_DOMCMPC,24,MF422,T,2025-03-21T00:00:00,2023,,0.02064
2013,A,0,WESR / Global Material Flows Database,EN_MAT_DOMCMPC,24,MF422,T,2025-03-21T00:00:00,2023,,0.01101
2014,A,0,WESR / Global Material Flows Database,EN_MAT_DOMCMPC,24,MF422,T,2025-03-21T00:00:00,2023,,0.00804
2015,A,0,WESR / Global Material Flows Database,EN_MAT_DOMCMPC,24,MF422,T,2025-03-21T00:00:00,2023,,0.01872
2016,A,0,WESR / Global Material Flows Database,EN_MAT_DOMCMPC,24,MF422,T,2025-03-21T00:00:00,2023,,0.01921
2017,A,0,WESR / Global Material Flows Database,EN_MAT_DOMCMPC,24,MF422,T,2025-03-21T00:00:00,2023,,0.02133
2018,A,0,WESR / Global Material Flows Database,EN_MAT_DOMCMPC,24,MF422,T,2025-03-21T00:00:00,2023,,0.02121
2019,A,0,WESR / Global Material Flows Database,EN_MAT_DOMCMPC,24,MF422,T,2025-03-21T00:00:00,2023,,0.02987
2020,A,0,WESR / Global Material Flows Database,EN_MAT_DOMCMPC,24,MF422,T,2025-03-21T00:00:00,2023,,0.02983
2021,A,0,WESR / Global Material Flows Database,EN_MAT_DOMCMPC,24,MF422,T,2025-03-21T00:00:00,2023,,0.02549
2022,A,0,WESR / Global Material Flows Database,EN_MAT_DOMCMPC,24,MF422,T,2025-03-21T00:00:00,2023,,0.02487
2023,A,0,WESR / Global Material Flows Database,EN_MAT_DOMCMPC,24,MF422,T,2025-03-21T00:00:00,2023,,0.02319
2000,A,0,WESR / Global Material Flows Database,EN_MAT_DOMCMPG,24,None,KG_PER_CON_USD,2025-03-21T00:00:00,2023,2015,1.21031
2001,A,0,WESR / Global Material Flows Database,EN_MAT_DOMCMPG,24,None,KG_PER_CON_USD,2025-03-21T00:00:00,2023,2015,1.31218
2002,A,0,WESR / Global Material Flows Database,EN_MAT_DOMCMPG,24,None,KG_PER_CON_USD,2025-03-21T00:00:00,2023,2015,1.35692
2003,A,0,WESR / Global Material Flows Database,EN_MAT_DOMCMPG,24,None,KG_PER_CON_USD,2025-03-21T00:00:00,2023,2015,1.38545
2004,A,0,WESR / Global Material Flows Database,EN_MAT_DOMCMPG,24,None,KG_PER_CON_USD,2025-03-21T00:00:00,2023,2015,1.32077
2005,A,0,WESR / Global Material Flows Database,EN_MAT_DOMCMPG,24,None,KG_PER_CON_USD,2025-03-21T00:00:00,2023,2015,1.2072
2006,A,0,WESR / Global Material Flows Database,EN_MAT_DOMCMPG,24,None,KG_PER_CON_USD,2025-03-21T00:00:00,2023,2015,1.23206
2007,A,0,WESR / Global Material Flows Database,EN_MAT_DOMCMPG,24,None,KG_PER_CON_USD,2025-03-21T00:00:00,2023,2015,1.24237
2008,A,0,WESR / Global Material Flows Database,EN_MAT_DOMCMPG,24,None,KG_PER_CON_USD,2025-03-21T00:00:00,2023,2015,1.07811
2009,A,0,WESR / Global Material Flows Database,EN_MAT_DOMCMPG,24,None,KG_PER_CON_USD,2025-03-21T00:00:00,2023,2015,1.65128
2010,A,0,WESR / Global Material Flows Database,EN_MAT_DOMCMPG,24,None,KG_PER_CON_USD,2025-03-21T00:00:00,2023,2015,1.32036
2011,A,0,WESR / Global Material Flows Database,EN_MAT_DOMCMPG,24,None,KG_PER_CON_USD,2025-03-21T00:00:00,2023,2015,1.38656
2012,A,0,WESR / Global Material Flows Database,EN_MAT_DOMCMPG,24,None,KG_PER_CON_USD,2025-03-21T00:00:00,2023,2015,2.23969
2013,A,0,WESR / Global Material Flows Database,EN_MAT_DOMCMPG,24,None,KG_PER_CON_USD,2025-03-21T00:00:00,2023,2015,2.39471
2014,A,0,WESR / Global Material Flows Database,EN_MAT_DOMCMPG,24,None,KG_PER_CON_USD,2025-03-21T00:00:00,2023,2015,2.24427
2015,A,0,WESR / Global Material Flows Database,EN_MAT_DOMCMPG,24,None,KG_PER_CON_USD,2025-03-21T00:00:00,2023,2015,1.99091
2016,A,0,WESR / Global Material Flows Database,EN_MAT_DOMCMPG,24,None,KG_PER_CON_USD,2025-03-21T00:00:00,2023,2015,1.95891
2017,A,0,WESR / Global Material Flows Database,EN_MAT_DOMCMPG,24,None,KG_PER_CON_USD,2025-03-21T00:00:00,2023,2015,1.01669
2018,A,0,WESR / Global Material Flows Database,EN_MAT_DOMCMPG,24,None,KG_PER_CON_USD,2025-03-21T00:00:00,2023,2015,1.30914
2019,A,0,WESR / Global Material Flows Database,EN_MAT_DOMCMPG,24,None,KG_PER_CON_USD,2025-03-21T00:00:00,2023,2015,1.29469
2020,A,0,WESR / Global Material Flows Database,EN_MAT_DOMCMPG,24,None,KG_PER_CON_USD,2025-03-21T00:00:00,2023,2015,1.29898
2021,A,0,WESR / Global Material Flows Database,EN_MAT_DOMCMPG,24,None,KG_PER_CON_USD,2025-03-21T00:00:00,2023,2015,1.33149
2022,A,0,WESR / Global Material Flows Database,EN_MAT_DOMCMPG,24,None,KG_PER_CON_USD,2025-03-21T00:00:00,2023,2015,1.32455
2023,A,0,WESR / Global Material Flows Database,EN_MAT_DOMCMPG,24,None,KG_PER_CON_USD,2025-03-21T00:00:00,2023,2015,1.31047
2000,A,0,WESR / Global Material Flows Database,EN_MAT_DOMCMPG,24,MF_AGG3A,KG_PER_CON_USD,2025-03-21T00:00:00,2023,2015,0.15539
2001,A,0,WESR / Global Material Flows Database,EN_MAT_DOMCMPG,24,MF_AGG3A,KG_PER_CON_USD,2025-03-21T00:00:00,2023,2015,0.18149
2002,A,0,WESR / Global Material Flows Database,EN_MAT_DOMCMPG,24,MF_AGG3A,KG_PER_CON_USD,2025-03-21T00:00:00,2023,2015,0.18615
2003,A,0,WESR / Global Material Flows Database,EN_MAT_DOMCMPG,24,MF_AGG3A,KG_PER_CON_USD,2025-03-21T00:00:00,2023,2015,0.19483
2004,A,0,WESR / Global Material Flows Database,EN_MAT_DOMCMPG,24,MF_AGG3A,KG_PER_CON_USD,2025-03-21T00:00:00,2023,2015,0.19008
2005,A,0,WESR / Global Material Flows Database,EN_MAT_DOMCMPG,24,MF_AGG3A,KG_PER_CON_USD,2025-03-21T00:00:00,2023,2015,0.1481
2006,A,0,WESR / Global Material Flows Database,EN_MAT_DOMCMPG,24,MF_AGG3A,KG_PER_CON_USD,2025-03-21T00:00:00,2023,2015,0.1473
2007,A,0,WESR / Global Material Flows Database,EN_MAT_DOMCMPG,24,MF_AGG3A,KG_PER_CON_USD,2025-03-21T00:00:00,2023,2015,0.19098
2008,A,0,WESR / Global Material Flows Database,EN_MAT_DOMCMPG,24,MF_AGG3A,KG_PER_CON_USD,2025-03-21T00:00:00,2023,2015,0.16268
2009,A,0,WESR / Global Material Flows Database,EN_MAT_DOMCMPG,24,MF_AGG3A,KG_PER_CON_USD,2025-03-21T00:00:00,2023,2015,0.36665
2010,A,0,WESR / Global Material Flows Database,EN_MAT_DOMCMPG,24,MF_AGG3A,KG_PER_CON_USD,2025-03-21T00:00:00,2023,2015,0.3121
2011,A,0,WESR / Global Material Flows Database,EN_MAT_DOMCMPG,24,MF_AGG3A,KG_PER_CON_USD,2025-03-21T00:00:00,2023,2015,0.33715
2012,A,0,WESR / Global Material Flows Database,EN_MAT_DOMCMPG,24,MF_AGG3A,KG_PER_CON_USD,2025-03-21T00:00:00,2023,2015,1.3748
2013,A,0,WESR / Global Material Flows Database,EN_MAT_DOMCMPG,24,MF_AGG3A,KG_PER_CON_USD,2025-03-21T00:00:00,2023,2015,1.3882
2014,A,0,WESR / Global Material Flows Database,EN_MAT_DOMCMPG,24,MF_AGG3A,KG_PER_CON_USD,2025-03-21T00:00:00,2023,2015,1.34352
2015,A,0,WESR / Global Material Flows Database,EN_MAT_DOMCMPG,24,MF_AGG3A,KG_PER_CON_USD,2025-03-21T00:00:00,2023,2015,1.11955
2016,A,0,WESR / Global Material Flows Database,EN_MAT_DOMCMPG,24,MF_AGG3A,KG_PER_CON_USD,2025-03-21T00:00:00,2023,2015,1.0583
2017,A,0,WESR / Global Material Flows Database,EN_MAT_DOMCMPG,24,MF_AGG3A,KG_PER_CON_USD,2025-03-21T00:00:00,2023,2015,0.0824
2018,A,0,WESR / Global Material Flows Database,EN_MAT_DOMCMPG,24,MF_AGG3A,KG_PER_CON_USD,2025-03-21T00:00:00,2023,2015,0.34229
2019,A,0,WESR / Global Material Flows Database,EN_MAT_DOMCMPG,24,MF_AGG3A,KG_PER_CON_USD,2025-03-21T00:00:00,2023,2015,0.35976
2020,A,0,WESR / Global Material Flows Database,EN_MAT_DOMCMPG,24,MF_AGG3A,KG_PER_CON_USD,2025-03-21T00:00:00,2023,2015,0.36511
2021,A,0,WESR / Global Material Flows Database,EN_MAT_DOMCMPG,24,MF_AGG3A,KG_PER_CON_USD,2025-03-21T00:00:00,2023,2015,0.38231
2022,A,0,WESR / Global Material Flows Database,EN_MAT_DOMCMPG,24,MF_AGG3A,KG_PER_CON_USD,2025-03-21T00:00:00,2023,2015,0.38419
2023,A,0,WESR / Global Material Flows Database,EN_MAT_DOMCMPG,24,MF_AGG3A,KG_PER_CON_USD,2025-03-21T00:00:00,2023,2015,0.38374
2000,A,0,WESR / Global Material Flows Database,EN_MAT_DOMCMPG,24,MF_AGG3B,KG_PER_CON_USD,2025-03-21T00:00:00,2023,2015,0.36973
2001,A,0,WESR / Global Material Flows Database,EN_MAT_DOMCMPG,24,MF_AGG3B,KG_PER_CON_USD,2025-03-21T00:00:00,2023,2015,0.40262
2002,A,0,WESR / Global Material Flows Database,EN_MAT_DOMCMPG,24,MF_AGG3B,KG_PER_CON_USD,2025-03-21T00:00:00,2023,2015,0.46856
2003,A,0,WESR / Global Material Flows Database,EN_MAT_DOMCMPG,24,MF_AGG3B,KG_PER_CON_USD,2025-03-21T00:00:00,2023,2015,0.47006
2004,A,0,WESR / Global Material Flows Database,EN_MAT_DOMCMPG,24,MF_AGG3B,KG_PER_CON_USD,2025-03-21T00:00:00,2023,2015,0.41998
2005,A,0,WESR / Global Material Flows Database,EN_MAT_DOMCMPG,24,MF_AGG3B,KG_PER_CON_USD,2025-03-21T00:00:00,2023,2015,0.4207
2006,A,0,WESR / Global Material Flows Database,EN_MAT_DOMCMPG,24,MF_AGG3B,KG_PER_CON_USD,2025-03-21T00:00:00,2023,2015,0.48832
2007,A,0,WESR / Global Material Flows Database,EN_MAT_DOMCMPG,24,MF_AGG3B,KG_PER_CON_USD,2025-03-21T00:00:00,2023,2015,0.45447
2008,A,0,WESR / Global Material Flows Database,EN_MAT_DOMCMPG,24,MF_AGG3B,KG_PER_CON_USD,2025-03-21T00:00:00,2023,2015,0.37405
2009,A,0,WESR / Global Material Flows Database,EN_MAT_DOMCMPG,24,MF_AGG3B,KG_PER_CON_USD,2025-03-21T00:00:00,2023,2015,0.57947
2010,A,0,WESR / Global Material Flows Database,EN_MAT_DOMCMPG,24,MF_AGG3B,KG_PER_CON_USD,2025-03-21T00:00:00,2023,2015,0.32322
2011,A,0,WESR / Global Material Flows Database,EN_MAT_DOMCMPG,24,MF_AGG3B,KG_PER_CON_USD,2025-03-21T00:00:00,2023,2015,0.32276
2012,A,0,WESR / Global Material Flows Database,EN_MAT_DOMCMPG,24,MF_AGG3B,KG_PER_CON_USD,2025-03-21T00:00:00,2023,2015,0.29826
2013,A,0,WESR / Global Material Flows Database,EN_MAT_DOMCMPG,24,MF_AGG3B,KG_PER_CON_USD,2025-03-21T00:00:00,2023,2015,0.29478
2014,A,0,WESR / Global Material Flows Database,EN_MAT_DOMCMPG,24,MF_AGG3B,KG_PER_CON_USD,2025-03-21T00:00:00,2023,2015,0.28665
2015,A,0,WESR / Global Material Flows Database,EN_MAT_DOMCMPG,24,MF_AGG3B,KG_PER_CON_USD,2025-03-21T00:00:00,2023,2015,0.29273
2016,A,0,WESR / Global Material Flows Database,EN_MAT_DOMCMPG,24,MF_AGG3B,KG_PER_CON_USD,2025-03-21T00:00:00,2023,2015,0.29958
2017,A,0,WESR / Global Material Flows Database,EN_MAT_DOMCMPG,24,MF_AGG3B,KG_PER_CON_USD,2025-03-21T00:00:00,2023,2015,0.31419
2018,A,0,WESR / Global Material Flows Database,EN_MAT_DOMCMPG,24,MF_AGG3B,KG_PER_CON_USD,2025-03-21T00:00:00,2023,2015,0.31647
2019,A,0,WESR / Global Material Flows Database,EN_MAT_DOMCMPG,24,MF_AGG3B,KG_PER_CON_USD,2025-03-21T00:00:00,2023,2015,0.30925
2020,A,0,WESR / Global Material Flows Database,EN_MAT_DOMCMPG,24,MF_AGG3B,KG_PER_CON_USD,2025-03-21T00:00:00,2023,2015,0.2776
2021,A,0,WESR / Global Material Flows Database,EN_MAT_DOMCMPG,24,MF_AGG3B,KG_PER_CON_USD,2025-03-21T00:00:00,2023,2015,0.29044
2022,A,0,WESR / Global Material Flows Database,EN_MAT_DOMCMPG,24,MF_AGG3B,KG_PER_CON_USD,2025-03-21T00:00:00,2023,2015,0.2919
2023,A,0,WESR / Global Material Flows Database,EN_MAT_DOMCMPG,24,MF_AGG3B,KG_PER_CON_USD,2025-03-21T00:00:00,2023,2015,0.29148
2000,A,0,WESR / Global Material Flows Database,EN_MAT_DOMCMPG,24,MF1,KG_PER_CON_USD,2025-03-21T00:00:00,2023,2015,0.61353
2001,A,0,WESR / Global Material Flows Database,EN_MAT_DOMCMPG,24,MF1,KG_PER_CON_USD,2025-03-21T00:00:00,2023,2015,0.65898
2002,A,0,WESR / Global Material Flows Database,EN_MAT_DOMCMPG,24,MF1,KG_PER_CON_USD,2025-03-21T00:00:00,2023,2015,0.63715
2003,A,0,WESR / Global Material Flows Database,EN_MAT_DOMCMPG,24,MF1,KG_PER_CON_USD,2025-03-21T00:00:00,2023,2015,0.6429
2004,A,0,WESR / Global Material Flows Database,EN_MAT_DOMCMPG,24,MF1,KG_PER_CON_USD,2025-03-21T00:00:00,2023,2015,0.63636
2005,A,0,WESR / Global Material Flows Database,EN_MAT_DOMCMPG,24,MF1,KG_PER_CON_USD,2025-03-21T00:00:00,2023,2015,0.58998
2006,A,0,WESR / Global Material Flows Database,EN_MAT_DOMCMPG,24,MF1,KG_PER_CON_USD,2025-03-21T00:00:00,2023,2015,0.53244
2007,A,0,WESR / Global Material Flows Database,EN_MAT_DOMCMPG,24,MF1,KG_PER_CON_USD,2025-03-21T00:00:00,2023,2015,0.50581
2008,A,0,WESR / Global Material Flows Database,EN_MAT_DOMCMPG,24,MF1,KG_PER_CON_USD,2025-03-21T00:00:00,2023,2015,0.4673
2009,A,0,WESR / Global Material Flows Database,EN_MAT_DOMCMPG,24,MF1,KG_PER_CON_USD,2025-03-21T00:00:00,2023,2015,0.548
2010,A,0,WESR / Global Material Flows Database,EN_MAT_DOMCMPG,24,MF1,KG_PER_CON_USD,2025-03-21T00:00:00,2023,2015,0.55203
2011,A,0,WESR / Global Material Flows Database,EN_MAT_DOMCMPG,24,MF1,KG_PER_CON_USD,2025-03-21T00:00:00,2023,2015,0.56741
2012,A,0,WESR / Global Material Flows Database,EN_MAT_DOMCMPG,24,MF1,KG_PER_CON_USD,2025-03-21T00:00:00,2023,2015,0.42386
2013,A,0,WESR / Global Material Flows Database,EN_MAT_DOMCMPG,24,MF1,KG_PER_CON_USD,2025-03-21T00:00:00,2023,2015,0.55764
2014,A,0,WESR / Global Material Flows Database,EN_MAT_DOMCMPG,24,MF1,KG_PER_CON_USD,2025-03-21T00:00:00,2023,2015,0.43944
2015,A,0,WESR / Global Material Flows Database,EN_MAT_DOMCMPG,24,MF1,KG_PER_CON_USD,2025-03-21T00:00:00,2023,2015,0.44287
2016,A,0,WESR / Global Material Flows Database,EN_MAT_DOMCMPG,24,MF1,KG_PER_CON_USD,2025-03-21T00:00:00,2023,2015,0.47106
2017,A,0,WESR / Global Material Flows Database,EN_MAT_DOMCMPG,24,MF1,KG_PER_CON_USD,2025-03-21T00:00:00,2023,2015,0.4824
2018,A,0,WESR / Global Material Flows Database,EN_MAT_DOMCMPG,24,MF1,KG_PER_CON_USD,2025-03-21T00:00:00,2023,2015,0.50879
2019,A,0,WESR / Global Material Flows Database,EN_MAT_DOMCMPG,24,MF1,KG_PER_CON_USD,2025-03-21T00:00:00,2023,2015,0.52006
2020,A,0,WESR / Global Material Flows Database,EN_MAT_DOMCMPG,24,MF1,KG_PER_CON_USD,2025-03-21T00:00:00,2023,2015,0.57415
2021,A,0,WESR / Global Material Flows Database,EN_MAT_DOMCMPG,24,MF1,KG_PER_CON_USD,2025-03-21T00:00:00,2023,2015,0.57238
2022,A,0,WESR / Global Material Flows Database,EN_MAT_DOMCMPG,24,MF1,KG_PER_CON_USD,2025-03-21T00:00:00,2023,2015,0.56429
2023,A,0,WESR / Global Material Flows Database,EN_MAT_DOMCMPG,24,MF1,KG_PER_CON_USD,2025-03-21T00:00:00,2023,2015,0.55463
2000,A,0,WESR / Global Material Flows Database,EN_MAT_DOMCMPG,24,MF11,KG_PER_CON_USD,2025-03-21T00:00:00,2023,2015,0.18671
2001,A,0,WESR / Global Material Flows Database,EN_MAT_DOMCMPG,24,MF11,KG_PER_CON_USD,2025-03-21T00:00:00,2023,2015,0.21711
2002,A,0,WESR / Global Material Flows Database,EN_MAT_DOMCMPG,24,MF11,KG_PER_CON_USD,2025-03-21T00:00:00,2023,2015,0.22724
2003,A,0,WESR / Global Material Flows Database,EN_MAT_DOMCMPG,24,MF11,KG_PER_CON_USD,2025-03-21T00:00:00,2023,2015,0.23686
2004,A,0,WESR / Global Material Flows Database,EN_MAT_DOMCMPG,24,MF11,KG_PER_CON_USD,2025-03-21T00:00:00,2023,2015,0.25279
2005,A,0,WESR / Global Material Flows Database,EN_MAT_DOMCMPG,24,MF11,KG_PER_CON_USD,2025-03-21T00:00:00,2023,2015,0.23087
2006,A,0,WESR / Global Material Flows Database,EN_MAT_DOMCMPG,24,MF11,KG_PER_CON_USD,2025-03-21T00:00:00,2023,2015,0.21241
2007,A,0,WESR / Global Material Flows Database,EN_MAT_DOMCMPG,24,MF11,KG_PER_CON_USD,2025-03-21T00:00:00,2023,2015,0.20804
2008,A,0,WESR / Global Material Flows Database,EN_MAT_DOMCMPG,24,MF11,KG_PER_CON_USD,2025-03-21T00:00:00,2023,2015,0.19675
2009,A,0,WESR / Global Material Flows Database,EN_MAT_DOMCMPG,24,MF11,KG_PER_CON_USD,2025-03-21T00:00:00,2023,2015,0.24139
2010,A,0,WESR / Global Material Flows Database,EN_MAT_DOMCMPG,24,MF11,KG_PER_CON_USD,2025-03-21T00:00:00,2023,2015,0.24488
2011,A,0,WESR / Global Material Flows Database,EN_MAT_DOMCMPG,24,MF11,KG_PER_CON_USD,2025-03-21T00:00:00,2023,2015,0.25514
2012,A,0,WESR / Global Material Flows Database,EN_MAT_DOMCMPG,24,MF11,KG_PER_CON_USD,2025-03-21T00:00:00,2023,2015,0.18688
2013,A,0,WESR / Global Material Flows Database,EN_MAT_DOMCMPG,24,MF11,KG_PER_CON_USD,2025-03-21T00:00:00,2023,2015,0.25813
2014,A,0,WESR / Global Material Flows Database,EN_MAT_DOMCMPG,24,MF11,KG_PER_CON_USD,2025-03-21T00:00:00,2023,2015,0.18602
2015,A,0,WESR / Global Material Flows Database,EN_MAT_DOMCMPG,24,MF11,KG_PER_CON_USD,2025-03-21T00:00:00,2023,2015,0.18385
2016,A,0,WESR / Global Material Flows Database,EN_MAT_DOMCMPG,24,MF11,KG_PER_CON_USD,2025-03-21T00:00:00,2023,2015,0.19327
2017,A,0,WESR / Global Material Flows Database,EN_MAT_DOMCMPG,24,MF11,KG_PER_CON_USD,2025-03-21T00:00:00,2023,2015,0.20141
2018,A,0,WESR / Global Material Flows Database,EN_MAT_DOMCMPG,24,MF11,KG_PER_CON_USD,2025-03-21T00:00:00,2023,2015,0.20942
2019,A,0,WESR / Global Material Flows Database,EN_MAT_DOMCMPG,24,MF11,KG_PER_CON_USD,2025-03-21T00:00:00,2023,2015,0.2138
2020,A,0,WESR / Global Material Flows Database,EN_MAT_DOMCMPG,24,MF11,KG_PER_CON_USD,2025-03-21T00:00:00,2023,2015,0.23786
2021,A,0,WESR / Global Material Flows Database,EN_MAT_DOMCMPG,24,MF11,KG_PER_CON_USD,2025-03-21T00:00:00,2023,2015,0.23675
2022,A,0,WESR / Global Material Flows Database,EN_MAT_DOMCMPG,24,MF11,KG_PER_CON_USD,2025-03-21T00:00:00,2023,2015,0.23456
2023,A,0,WESR / Global Material Flows Database,EN_MAT_DOMCMPG,24,MF11,KG_PER_CON_USD,2025-03-21T00:00:00,2023,2015,0.23174
2000,A,0,WESR / Global Material Flows Database,EN_MAT_DOMCMPG,24,MF121,KG_PER_CON_USD,2025-03-21T00:00:00,2023,2015,0.13066
2001,A,0,WESR / Global Material Flows Database,EN_MAT_DOMCMPG,24,MF121,KG_PER_CON_USD,2025-03-21T00:00:00,2023,2015,0.15191
2002,A,0,WESR / Global Material Flows Database,EN_MAT_DOMCMPG,24,MF121,KG_PER_CON_USD,2025-03-21T00:00:00,2023,2015,0.15736
2003,A,0,WESR / Global Material Flows Database,EN_MAT_DOMCMPG,24,MF121,KG_PER_CON_USD,2025-03-21T00:00:00,2023,2015,0.16145
2004,A,0,WESR / Global Material Flows Database,EN_MAT_DOMCMPG,24,MF121,KG_PER_CON_USD,2025-03-21T00:00:00,2023,2015,0.16481
2005,A,0,WESR / Global Material Flows Database,EN_MAT_DOMCMPG,24,MF121,KG_PER_CON_USD,2025-03-21T00:00:00,2023,2015,0.15592
2006,A,0,WESR / Global Material Flows Database,EN_MAT_DOMCMPG,24,MF121,KG_PER_CON_USD,2025-03-21T00:00:00,2023,2015,0.13393
2007,A,0,WESR / Global Material Flows Database,EN_MAT_DOMCMPG,24,MF121,KG_PER_CON_USD,2025-03-21T00:00:00,2023,2015,0.13002
2008,A,0,WESR / Global Material Flows Database,EN_MAT_DOMCMPG,24,MF121,KG_PER_CON_USD,2025-03-21T00:00:00,2023,2015,0.11643
2009,A,0,WESR / Global Material Flows Database,EN_MAT_DOMCMPG,24,MF121,KG_PER_CON_USD,2025-03-21T00:00:00,2023,2015,0.15053
2010,A,0,WESR / Global Material Flows Database,EN_MAT_DOMCMPG,24,MF121,KG_PER_CON_USD,2025-03-21T00:00:00,2023,2015,0.15459
2011,A,0,WESR / Global Material Flows Database,EN_MAT_DOMCMPG,24,MF121,KG_PER_CON_USD,2025-03-21T00:00:00,2023,2015,0.16115
2012,A,0,WESR / Global Material Flows Database,EN_MAT_DOMCMPG,24,MF121,KG_PER_CON_USD,2025-03-21T00:00:00,2023,2015,0.09434
2013,A,0,WESR / Global Material Flows Database,EN_MAT_DOMCMPG,24,MF121,KG_PER_CON_USD,2025-03-21T00:00:00,2023,2015,0.1604
2014,A,0,WESR / Global Material Flows Database,EN_MAT_DOMCMPG,24,MF121,KG_PER_CON_USD,2025-03-21T00:00:00,2023,2015,0.11686
2015,A,0,WESR / Global Material Flows Database,EN_MAT_DOMCMPG,24,MF121,KG_PER_CON_USD,2025-03-21T00:00:00,2023,2015,0.12146
2016,A,0,WESR / Global Material Flows Database,EN_MAT_DOMCMPG,24,MF121,KG_PER_CON_USD,2025-03-21T00:00:00,2023,2015,0.136
2017,A,0,WESR / Global Material Flows Database,EN_MAT_DOMCMPG,24,MF121,KG_PER_CON_USD,2025-03-21T00:00:00,2023,2015,0.13925
2018,A,0,WESR / Global Material Flows Database,EN_MAT_DOMCMPG,24,MF121,KG_PER_CON_USD,2025-03-21T00:00:00,2023,2015,0.15421
2019,A,0,WESR / Global Material Flows Database,EN_MAT_DOMCMPG,24,MF121,KG_PER_CON_USD,2025-03-21T00:00:00,2023,2015,0.15857
2020,A,0,WESR / Global Material Flows Database,EN_MAT_DOMCMPG,24,MF121,KG_PER_CON_USD,2025-03-21T00:00:00,2023,2015,0.17767
2021,A,0,WESR / Global Material Flows Database,EN_MAT_DOMCMPG,24,MF121,KG_PER_CON_USD,2025-03-21T00:00:00,2023,2015,0.17722
2022,A,0,WESR / Global Material Flows Database,EN_MAT_DOMCMPG,24,MF121,KG_PER_CON_USD,2025-03-21T00:00:00,2023,2015,0.17536
2023,A,0,WESR / Global Material Flows Database,EN_MAT_DOMCMPG,24,MF121,KG_PER_CON_USD,2025-03-21T00:00:00,2023,2015,0.17365
2000,A,0,WESR / Global Material Flows Database,EN_MAT_DOMCMPG,24,MF122,KG_PER_CON_USD,2025-03-21T00:00:00,2023,2015,0.22052
2001,A,0,WESR / Global Material Flows Database,EN_MAT_DOMCMPG,24,MF122,KG_PER_CON_USD,2025-03-21T00:00:00,2023,2015,0.21504
2002,A,0,WESR / Global Material Flows Database,EN_MAT_DOMCMPG,24,MF122,KG_PER_CON_USD,2025-03-21T00:00:00,2023,2015,0.18576
2003,A,0,WESR / Global Material Flows Database,EN_MAT_DOMCMPG,24,MF122,KG_PER_CON_USD,2025-03-21T00:00:00,2023,2015,0.17842
2004,A,0,WESR / Global Material Flows Database,EN_MAT_DOMCMPG,24,MF122,KG_PER_CON_USD,2025-03-21T00:00:00,2023,2015,0.1575
2005,A,0,WESR / Global Material Flows Database,EN_MAT_DOMCMPG,24,MF122,KG_PER_CON_USD,2025-03-21T00:00:00,2023,2015,0.14941
2006,A,0,WESR / Global Material Flows Database,EN_MAT_DOMCMPG,24,MF122,KG_PER_CON_USD,2025-03-21T00:00:00,2023,2015,0.13693
2007,A,0,WESR / Global Material Flows Database,EN_MAT_DOMCMPG,24,MF122,KG_PER_CON_USD,2025-03-21T00:00:00,2023,2015,0.12289
2008,A,0,WESR / Global Material Flows Database,EN_MAT_DOMCMPG,24,MF122,KG_PER_CON_USD,2025-03-21T00:00:00,2023,2015,0.11311
2009,A,0,WESR / Global Material Flows Database,EN_MAT_DOMCMPG,24,MF122,KG_PER_CON_USD,2025-03-21T00:00:00,2023,2015,0.11475
2010,A,0,WESR / Global Material Flows Database,EN_MAT_DOMCMPG,24,MF122,KG_PER_CON_USD,2025-03-21T00:00:00,2023,2015,0.11197
2011,A,0,WESR / Global Material Flows Database,EN_MAT_DOMCMPG,24,MF122,KG_PER_CON_USD,2025-03-21T00:00:00,2023,2015,0.11066
2012,A,0,WESR / Global Material Flows Database,EN_MAT_DOMCMPG,24,MF122,KG_PER_CON_USD,2025-03-21T00:00:00,2023,2015,0.10427
2013,A,0,WESR / Global Material Flows Database,EN_MAT_DOMCMPG,24,MF122,KG_PER_CON_USD,2025-03-21T00:00:00,2023,2015,0.1016
2014,A,0,WESR / Global Material Flows Database,EN_MAT_DOMCMPG,24,MF122,KG_PER_CON_USD,2025-03-21T00:00:00,2023,2015,0.0991
2015,A,0,WESR / Global Material Flows Database,EN_MAT_DOMCMPG,24,MF122,KG_PER_CON_USD,2025-03-21T00:00:00,2023,2015,0.10021
2016,A,0,WESR / Global Material Flows Database,EN_MAT_DOMCMPG,24,MF122,KG_PER_CON_USD,2025-03-21T00:00:00,2023,2015,0.10422
2017,A,0,WESR / Global Material Flows Database,EN_MAT_DOMCMPG,24,MF122,KG_PER_CON_USD,2025-03-21T00:00:00,2023,2015,0.10242
2018,A,0,WESR / Global Material Flows Database,EN_MAT_DOMCMPG,24,MF122,KG_PER_CON_USD,2025-03-21T00:00:00,2023,2015,0.10542
2019,A,0,WESR / Global Material Flows Database,EN_MAT_DOMCMPG,24,MF122,KG_PER_CON_USD,2025-03-21T00:00:00,2023,2015,0.1074
2020,A,0,WESR / Global Material Flows Database,EN_MAT_DOMCMPG,24,MF122,KG_PER_CON_USD,2025-03-21T00:00:00,2023,2015,0.11493
2021,A,0,WESR / Global Material Flows Database,EN_MAT_DOMCMPG,24,MF122,KG_PER_CON_USD,2025-03-21T00:00:00,2023,2015,0.1146
2022,A,0,WESR / Global Material Flows Database,EN_MAT_DOMCMPG,24,MF122,KG_PER_CON_USD,2025-03-21T00:00:00,2023,2015,0.11289
2023,A,0,WESR / Global Material Flows Database,EN_MAT_DOMCMPG,24,MF122,KG_PER_CON_USD,2025-03-21T00:00:00,2023,2015,0.11021
2000,A,0,WESR / Global Material Flows Database,EN_MAT_DOMCMPG,24,MF13,KG_PER_CON_USD,2025-03-21T00:00:00,2023,2015,0.07218
2001,A,0,WESR / Global Material Flows Database,EN_MAT_DOMCMPG,24,MF13,KG_PER_CON_USD,2025-03-21T00:00:00,2023,2015,0.07135
2002,A,0,WESR / Global Material Flows Database,EN_MAT_DOMCMPG,24,MF13,KG_PER_CON_USD,2025-03-21T00:00:00,2023,2015,0.06345
2003,A,0,WESR / Global Material Flows Database,EN_MAT_DOMCMPG,24,MF13,KG_PER_CON_USD,2025-03-21T00:00:00,2023,2015,0.06299
2004,A,0,WESR / Global Material Flows Database,EN_MAT_DOMCMPG,24,MF13,KG_PER_CON_USD,2025-03-21T00:00:00,2023,2015,0.05799
2005,A,0,WESR / Global Material Flows Database,EN_MAT_DOMCMPG,24,MF13,KG_PER_CON_USD,2025-03-21T00:00:00,2023,2015,0.05137
2006,A,0,WESR / Global Material Flows Database,EN_MAT_DOMCMPG,24,MF13,KG_PER_CON_USD,2025-03-21T00:00:00,2023,2015,0.04668
2007,A,0,WESR / Global Material Flows Database,EN_MAT_DOMCMPG,24,MF13,KG_PER_CON_USD,2025-03-21T00:00:00,2023,2015,0.04182
2008,A,0,WESR / Global Material Flows Database,EN_MAT_DOMCMPG,24,MF13,KG_PER_CON_USD,2025-03-21T00:00:00,2023,2015,0.03833
2009,A,0,WESR / Global Material Flows Database,EN_MAT_DOMCMPG,24,MF13,KG_PER_CON_USD,2025-03-21T00:00:00,2023,2015,0.03883
2010,A,0,WESR / Global Material Flows Database,EN_MAT_DOMCMPG,24,MF13,KG_PER_CON_USD,2025-03-21T00:00:00,2023,2015,0.03773
2011,A,0,WESR / Global Material Flows Database,EN_MAT_DOMCMPG,24,MF13,KG_PER_CON_USD,2025-03-21T00:00:00,2023,2015,0.03734
2012,A,0,WESR / Global Material Flows Database,EN_MAT_DOMCMPG,24,MF13,KG_PER_CON_USD,2025-03-21T00:00:00,2023,2015,0.03494
2013,A,0,WESR / Global Material Flows Database,EN_MAT_DOMCMPG,24,MF13,KG_PER_CON_USD,2025-03-21T00:00:00,2023,2015,0.03427
2014,A,0,WESR / Global Material Flows Database,EN_MAT_DOMCMPG,24,MF13,KG_PER_CON_USD,2025-03-21T00:00:00,2023,2015,0.03325
2015,A,0,WESR / Global Material Flows Database,EN_MAT_DOMCMPG,24,MF13,KG_PER_CON_USD,2025-03-21T00:00:00,2023,2015,0.03352
2016,A,0,WESR / Global Material Flows Database,EN_MAT_DOMCMPG,24,MF13,KG_PER_CON_USD,2025-03-21T00:00:00,2023,2015,0.03455
2017,A,0,WESR / Global Material Flows Database,EN_MAT_DOMCMPG,24,MF13,KG_PER_CON_USD,2025-03-21T00:00:00,2023,2015,0.03547
2018,A,0,WESR / Global Material Flows Database,EN_MAT_DOMCMPG,24,MF13,KG_PER_CON_USD,2025-03-21T00:00:00,2023,2015,0.03669
2019,A,0,WESR / Global Material Flows Database,EN_MAT_DOMCMPG,24,MF13,KG_PER_CON_USD,2025-03-21T00:00:00,2023,2015,0.03767
2020,A,0,WESR / Global Material Flows Database,EN_MAT_DOMCMPG,24,MF13,KG_PER_CON_USD,2025-03-21T00:00:00,2023,2015,0.0411
2021,A,0,WESR / Global Material Flows Database,EN_MAT_DOMCMPG,24,MF13,KG_PER_CON_USD,2025-03-21T00:00:00,2023,2015,0.04112
2022,A,0,WESR / Global Material Flows Database,EN_MAT_DOMCMPG,24,MF13,KG_PER_CON_USD,2025-03-21T00:00:00,2023,2015,0.03879
2023,A,0,WESR / Global Material Flows Database,EN_MAT_DOMCMPG,24,MF13,KG_PER_CON_USD,2025-03-21T00:00:00,2023,2015,0.03636
2000,A,0,WESR / Global Material Flows Database,EN_MAT_DOMCMPG,24,MF14,KG_PER_CON_USD,2025-03-21T00:00:00,2023,2015,0.00346
2001,A,0,WESR / Global Material Flows Database,EN_MAT_DOMCMPG,24,MF14,KG_PER_CON_USD,2025-03-21T00:00:00,2023,2015,0.00356
2002,A,0,WESR / Global Material Flows Database,EN_MAT_DOMCMPG,24,MF14,KG_PER_CON_USD,2025-03-21T00:00:00,2023,2015,0.00335
2003,A,0,WESR / Global Material Flows Database,EN_MAT_DOMCMPG,24,MF14,KG_PER_CON_USD,2025-03-21T00:00:00,2023,2015,0.00319
2004,A,0,WESR / Global Material Flows Database,EN_MAT_DOMCMPG,24,MF14,KG_PER_CON_USD,2025-03-21T00:00:00,2023,2015,0.00326
2005,A,0,WESR / Global Material Flows Database,EN_MAT_DOMCMPG,24,MF14,KG_PER_CON_USD,2025-03-21T00:00:00,2023,2015,0.00241
2006,A,0,WESR / Global Material Flows Database,EN_MAT_DOMCMPG,24,MF14,KG_PER_CON_USD,2025-03-21T00:00:00,2023,2015,0.0025
2007,A,0,WESR / Global Material Flows Database,EN_MAT_DOMCMPG,24,MF14,KG_PER_CON_USD,2025-03-21T00:00:00,2023,2015,0.00304
2008,A,0,WESR / Global Material Flows Database,EN_MAT_DOMCMPG,24,MF14,KG_PER_CON_USD,2025-03-21T00:00:00,2023,2015,0.00268
2009,A,0,WESR / Global Material Flows Database,EN_MAT_DOMCMPG,24,MF14,KG_PER_CON_USD,2025-03-21T00:00:00,2023,2015,0.00251
2010,A,0,WESR / Global Material Flows Database,EN_MAT_DOMCMPG,24,MF14,KG_PER_CON_USD,2025-03-21T00:00:00,2023,2015,0.00286
2011,A,0,WESR / Global Material Flows Database,EN_MAT_DOMCMPG,24,MF14,KG_PER_CON_USD,2025-03-21T00:00:00,2023,2015,0.00312
2012,A,0,WESR / Global Material Flows Database,EN_MAT_DOMCMPG,24,MF14,KG_PER_CON_USD,2025-03-21T00:00:00,2023,2015,0.00343
2013,A,0,WESR / Global Material Flows Database,EN_MAT_DOMCMPG,24,MF14,KG_PER_CON_USD,2025-03-21T00:00:00,2023,2015,0.00324
2014,A,0,WESR / Global Material Flows Database,EN_MAT_DOMCMPG,24,MF14,KG_PER_CON_USD,2025-03-21T00:00:00,2023,2015,0.0042
2015,A,0,WESR / Global Material Flows Database,EN_MAT_DOMCMPG,24,MF14,KG_PER_CON_USD,2025-03-21T00:00:00,2023,2015,0.00384
2016,A,0,WESR / Global Material Flows Database,EN_MAT_DOMCMPG,24,MF14,KG_PER_CON_USD,2025-03-21T00:00:00,2023,2015,0.00302
2017,A,0,WESR / Global Material Flows Database,EN_MAT_DOMCMPG,24,MF14,KG_PER_CON_USD,2025-03-21T00:00:00,2023,2015,0.00385
2018,A,0,WESR / Global Material Flows Database,EN_MAT_DOMCMPG,24,MF14,KG_PER_CON_USD,2025-03-21T00:00:00,2023,2015,0.00305
2019,A,0,WESR / Global Material Flows Database,EN_MAT_DOMCMPG,24,MF14,KG_PER_CON_USD,2025-03-21T00:00:00,2023,2015,0.00262
2020,A,0,WESR / Global Material Flows Database,EN_MAT_DOMCMPG,24,MF14,KG_PER_CON_USD,2025-03-21T00:00:00,2023,2015,0.00259
2021,A,0,WESR / Global Material Flows Database,EN_MAT_DOMCMPG,24,MF14,KG_PER_CON_USD,2025-03-21T00:00:00,2023,2015,0.0027
2022,A,0,WESR / Global Material Flows Database,EN_MAT_DOMCMPG,24,MF14,KG_PER_CON_USD,2025-03-21T00:00:00,2023,2015,0.00269
2023,A,0,WESR / Global Material Flows Database,EN_MAT_DOMCMPG,24,MF14,KG_PER_CON_USD,2025-03-21T00:00:00,2023,2015,0.00266
2000,A,0,WESR / Global Material Flows Database,EN_MAT_DOMCMPG,24,MF2,KG_PER_CON_USD,2025-03-21T00:00:00,2023,2015,0.0
2001,A,0,WESR / Global Material Flows Database,EN_MAT_DOMCMPG,24,MF2,KG_PER_CON_USD,2025-03-21T00:00:00,2023,2015,0.0
2002,A,0,WESR / Global Material Flows Database,EN_MAT_DOMCMPG,24,MF2,KG_PER_CON_USD,2025-03-21T00:00:00,2023,2015,0.0
2003,A,0,WESR / Global Material Flows Database,EN_MAT_DOMCMPG,24,MF2,KG_PER_CON_USD,2025-03-21T00:00:00,2023,2015,0.0
2004,A,0,WESR / Global Material Flows Database,EN_MAT_DOMCMPG,24,MF2,KG_PER_CON_USD,2025-03-21T00:00:00,2023,2015,0.0
2005,A,0,WESR / Global Material Flows Database,EN_MAT_DOMCMPG,24,MF2,KG_PER_CON_USD,2025-03-21T00:00:00,2023,2015,0.0
2006,A,0,WESR / Global Material Flows Database,EN_MAT_DOMCMPG,24,MF2,KG_PER_CON_USD,2025-03-21T00:00:00,2023,2015,0.0
2007,A,0,WESR / Global Material Flows Database,EN_MAT_DOMCMPG,24,MF2,KG_PER_CON_USD,2025-03-21T00:00:00,2023,2015,0.00644
2008,A,0,WESR / Global Material Flows Database,EN_MAT_DOMCMPG,24,MF2,KG_PER_CON_USD,2025-03-21T00:00:00,2023,2015,0.0
2009,A,0,WESR / Global Material Flows Database,EN_MAT_DOMCMPG,24,MF2,KG_PER_CON_USD,2025-03-21T00:00:00,2023,2015,0.01169
2010,A,0,WESR / Global Material Flows Database,EN_MAT_DOMCMPG,24,MF2,KG_PER_CON_USD,2025-03-21T00:00:00,2023,2015,0.00811
2011,A,0,WESR / Global Material Flows Database,EN_MAT_DOMCMPG,24,MF2,KG_PER_CON_USD,2025-03-21T00:00:00,2023,2015,0.00766
2012,A,0,WESR / Global Material Flows Database,EN_MAT_DOMCMPG,24,MF2,KG_PER_CON_USD,2025-03-21T00:00:00,2023,2015,0.00902
2013,A,0,WESR / Global Material Flows Database,EN_MAT_DOMCMPG,24,MF2,KG_PER_CON_USD,2025-03-21T00:00:00,2023,2015,0.01051
2014,A,0,WESR / Global Material Flows Database,EN_MAT_DOMCMPG,24,MF2,KG_PER_CON_USD,2025-03-21T00:00:00,2023,2015,0.01475
2015,A,0,WESR / Global Material Flows Database,EN_MAT_DOMCMPG,24,MF2,KG_PER_CON_USD,2025-03-21T00:00:00,2023,2015,0.01075
2016,A,0,WESR / Global Material Flows Database,EN_MAT_DOMCMPG,24,MF2,KG_PER_CON_USD,2025-03-21T00:00:00,2023,2015,0.00532
2017,A,0,WESR / Global Material Flows Database,EN_MAT_DOMCMPG,24,MF2,KG_PER_CON_USD,2025-03-21T00:00:00,2023,2015,0.00397
2018,A,0,WESR / Global Material Flows Database,EN_MAT_DOMCMPG,24,MF2,KG_PER_CON_USD,2025-03-21T00:00:00,2023,2015,0.00174
2019,A,0,WESR / Global Material Flows Database,EN_MAT_DOMCMPG,24,MF2,KG_PER_CON_USD,2025-03-21T00:00:00,2023,2015,0.00251
2020,A,0,WESR / Global Material Flows Database,EN_MAT_DOMCMPG,24,MF2,KG_PER_CON_USD,2025-03-21T00:00:00,2023,2015,0.00269
2021,A,0,WESR / Global Material Flows Database,EN_MAT_DOMCMPG,24,MF2,KG_PER_CON_USD,2025-03-21T00:00:00,2023,2015,0.00277
2022,A,0,WESR / Global Material Flows Database,EN_MAT_DOMCMPG,24,MF2,KG_PER_CON_USD,2025-03-21T00:00:00,2023,2015,0.00281
2023,A,0,WESR / Global Material Flows Database,EN_MAT_DOMCMPG,24,MF2,KG_PER_CON_USD,2025-03-21T00:00:00,2023,2015,0.00285
2000,A,0,WESR / Global Material Flows Database,EN_MAT_DOMCMPG,24,MF21,KG_PER_CON_USD,2025-03-21T00:00:00,2023,2015,0.0
2001,A,0,WESR / Global Material Flows Database,EN_MAT_DOMCMPG,24,MF21,KG_PER_CON_USD,2025-03-21T00:00:00,2023,2015,0.0
2002,A,0,WESR / Global Material Flows Database,EN_MAT_DOMCMPG,24,MF21,KG_PER_CON_USD,2025-03-21T00:00:00,2023,2015,0.0
2003,A,0,WESR / Global Material Flows Database,EN_MAT_DOMCMPG,24,MF21,KG_PER_CON_USD,2025-03-21T00:00:00,2023,2015,0.0
2004,A,0,WESR / Global Material Flows Database,EN_MAT_DOMCMPG,24,MF21,KG_PER_CON_USD,2025-03-21T00:00:00,2023,2015,0.0
2005,A,0,WESR / Global Material Flows Database,EN_MAT_DOMCMPG,24,MF21,KG_PER_CON_USD,2025-03-21T00:00:00,2023,2015,0.0
2006,A,0,WESR / Global Material Flows Database,EN_MAT_DOMCMPG,24,MF21,KG_PER_CON_USD,2025-03-21T00:00:00,2023,2015,0.0
2007,A,0,WESR / Global Material Flows Database,EN_MAT_DOMCMPG,24,MF21,KG_PER_CON_USD,2025-03-21T00:00:00,2023,2015,0.00587
2008,A,0,WESR / Global Material Flows Database,EN_MAT_DOMCMPG,24,MF21,KG_PER_CON_USD,2025-03-21T00:00:00,2023,2015,0.0
2009,A,0,WESR / Global Material Flows Database,EN_MAT_DOMCMPG,24,MF21,KG_PER_CON_USD,2025-03-21T00:00:00,2023,2015,0.01077
2010,A,0,WESR / Global Material Flows Database,EN_MAT_DOMCMPG,24,MF21,KG_PER_CON_USD,2025-03-21T00:00:00,2023,2015,0.00724
2011,A,0,WESR / Global Material Flows Database,EN_MAT_DOMCMPG,24,MF21,KG_PER_CON_USD,2025-03-21T00:00:00,2023,2015,0.00666
2012,A,0,WESR / Global Material Flows Database,EN_MAT_DOMCMPG,24,MF21,KG_PER_CON_USD,2025-03-21T00:00:00,2023,2015,0.00821
2013,A,0,WESR / Global Material Flows Database,EN_MAT_DOMCMPG,24,MF21,KG_PER_CON_USD,2025-03-21T00:00:00,2023,2015,0.00951
2014,A,0,WESR / Global Material Flows Database,EN_MAT_DOMCMPG,24,MF21,KG_PER_CON_USD,2025-03-21T00:00:00,2023,2015,0.01359
2015,A,0,WESR / Global Material Flows Database,EN_MAT_DOMCMPG,24,MF21,KG_PER_CON_USD,2025-03-21T00:00:00,2023,2015,0.01027
2016,A,0,WESR / Global Material Flows Database,EN_MAT_DOMCMPG,24,MF21,KG_PER_CON_USD,2025-03-21T00:00:00,2023,2015,0.00507
2017,A,0,WESR / Global Material Flows Database,EN_MAT_DOMCMPG,24,MF21,KG_PER_CON_USD,2025-03-21T00:00:00,2023,2015,0.00352
2018,A,0,WESR / Global Material Flows Database,EN_MAT_DOMCMPG,24,MF21,KG_PER_CON_USD,2025-03-21T00:00:00,2023,2015,0.00143
2019,A,0,WESR / Global Material Flows Database,EN_MAT_DOMCMPG,24,MF21,KG_PER_CON_USD,2025-03-21T00:00:00,2023,2015,0.00218
2020,A,0,WESR / Global Material Flows Database,EN_MAT_DOMCMPG,24,MF21,KG_PER_CON_USD,2025-03-21T00:00:00,2023,2015,0.00232
2021,A,0,WESR / Global Material Flows Database,EN_MAT_DOMCMPG,24,MF21,KG_PER_CON_USD,2025-03-21T00:00:00,2023,2015,0.00239
2022,A,0,WESR / Global Material Flows Database,EN_MAT_DOMCMPG,24,MF21,KG_PER_CON_USD,2025-03-21T00:00:00,2023,2015,0.00242
2023,A,0,WESR / Global Material Flows Database,EN_MAT_DOMCMPG,24,MF21,KG_PER_CON_USD,2025-03-21T00:00:00,2023,2015,0.00245
2000,A,0,WESR / Global Material Flows Database,EN_MAT_DOMCMPG,24,MF22,KG_PER_CON_USD,2025-03-21T00:00:00,2023,2015,0.0
2001,A,0,WESR / Global Material Flows Database,EN_MAT_DOMCMPG,24,MF22,KG_PER_CON_USD,2025-03-21T00:00:00,2023,2015,0.0
2002,A,0,WESR / Global Material Flows Database,EN_MAT_DOMCMPG,24,MF22,KG_PER_CON_USD,2025-03-21T00:00:00,2023,2015,0.0
2003,A,0,WESR / Global Material Flows Database,EN_MAT_DOMCMPG,24,MF22,KG_PER_CON_USD,2025-03-21T00:00:00,2023,2015,0.0
2004,A,0,WESR / Global Material Flows Database,EN_MAT_DOMCMPG,24,MF22,KG_PER_CON_USD,2025-03-21T00:00:00,2023,2015,0.0
2005,A,0,WESR / Global Material Flows Database,EN_MAT_DOMCMPG,24,MF22,KG_PER_CON_USD,2025-03-21T00:00:00,2023,2015,0.0
2006,A,0,WESR / Global Material Flows Database,EN_MAT_DOMCMPG,24,MF22,KG_PER_CON_USD,2025-03-21T00:00:00,2023,2015,0.0
2007,A,0,WESR / Global Material Flows Database,EN_MAT_DOMCMPG,24,MF22,KG_PER_CON_USD,2025-03-21T00:00:00,2023,2015,0.00058
2008,A,0,WESR / Global Material Flows Database,EN_MAT_DOMCMPG,24,MF22,KG_PER_CON_USD,2025-03-21T00:00:00,2023,2015,0.0
2009,A,0,WESR / Global Material Flows Database,EN_MAT_DOMCMPG,24,MF22,KG_PER_CON_USD,2025-03-21T00:00:00,2023,2015,0.00093
2010,A,0,WESR / Global Material Flows Database,EN_MAT_DOMCMPG,24,MF22,KG_PER_CON_USD,2025-03-21T00:00:00,2023,2015,0.00088
2011,A,0,WESR / Global Material Flows Database,EN_MAT_DOMCMPG,24,MF22,KG_PER_CON_USD,2025-03-21T00:00:00,2023,2015,0.001
2012,A,0,WESR / Global Material Flows Database,EN_MAT_DOMCMPG,24,MF22,KG_PER_CON_USD,2025-03-21T00:00:00,2023,2015,0.0008
2013,A,0,WESR / Global Material Flows Database,EN_MAT_DOMCMPG,24,MF22,KG_PER_CON_USD,2025-03-21T00:00:00,2023,2015,0.00101
2014,A,0,WESR / Global Material Flows Database,EN_MAT_DOMCMPG,24,MF22,KG_PER_CON_USD,2025-03-21T00:00:00,2023,2015,0.00116
2015,A,0,WESR / Global Material Flows Database,EN_MAT_DOMCMPG,24,MF22,KG_PER_CON_USD,2025-03-21T00:00:00,2023,2015,0.00047
2016,A,0,WESR / Global Material Flows Database,EN_MAT_DOMCMPG,24,MF22,KG_PER_CON_USD,2025-03-21T00:00:00,2023,2015,0.00026
2017,A,0,WESR / Global Material Flows Database,EN_MAT_DOMCMPG,24,MF22,KG_PER_CON_USD,2025-03-21T00:00:00,2023,2015,0.00045
2018,A,0,WESR / Global Material Flows Database,EN_MAT_DOMCMPG,24,MF22,KG_PER_CON_USD,2025-03-21T00:00:00,2023,2015,0.00032
2019,A,0,WESR / Global Material Flows Database,EN_MAT_DOMCMPG,24,MF22,KG_PER_CON_USD,2025-03-21T00:00:00,2023,2015,0.00033
2020,A,0,WESR / Global Material Flows Database,EN_MAT_DOMCMPG,24,MF22,KG_PER_CON_USD,2025-03-21T00:00:00,2023,2015,0.00037
2021,A,0,WESR / Global Material Flows Database,EN_MAT_DOMCMPG,24,MF22,KG_PER_CON_USD,2025-03-21T00:00:00,2023,2015,0.00038
2022,A,0,WESR / Global Material Flows Database,EN_MAT_DOMCMPG,24,MF22,KG_PER_CON_USD,2025-03-21T00:00:00,2023,2015,0.00039
2023,A,0,WESR / Global Material Flows Database,EN_MAT_DOMCMPG,24,MF22,KG_PER_CON_USD,2025-03-21T00:00:00,2023,2015,0.0004
2000,A,0,WESR / Global Material Flows Database,EN_MAT_DOMCMPG,24,MF3,KG_PER_CON_USD,2025-03-21T00:00:00,2023,2015,0.52511
2001,A,0,WESR / Global Material Flows Database,EN_MAT_DOMCMPG,24,MF3,KG_PER_CON_USD,2025-03-21T00:00:00,2023,2015,0.58411
2002,A,0,WESR / Global Material Flows Database,EN_MAT_DOMCMPG,24,MF3,KG_PER_CON_USD,2025-03-21T00:00:00,2023,2015,0.6547
2003,A,0,WESR / Global Material Flows Database,EN_MAT_DOMCMPG,24,MF3,KG_PER_CON_USD,2025-03-21T00:00:00,2023,2015,0.6649
2004,A,0,WESR / Global Material Flows Database,EN_MAT_DOMCMPG,24,MF3,KG_PER_CON_USD,2025-03-21T00:00:00,2023,2015,0.61006
2005,A,0,WESR / Global Material Flows Database,EN_MAT_DOMCMPG,24,MF3,KG_PER_CON_USD,2025-03-21T00:00:00,2023,2015,0.5688
2006,A,0,WESR / Global Material Flows Database,EN_MAT_DOMCMPG,24,MF3,KG_PER_CON_USD,2025-03-21T00:00:00,2023,2015,0.63562
2007,A,0,WESR / Global Material Flows Database,EN_MAT_DOMCMPG,24,MF3,KG_PER_CON_USD,2025-03-21T00:00:00,2023,2015,0.64545
2008,A,0,WESR / Global Material Flows Database,EN_MAT_DOMCMPG,24,MF3,KG_PER_CON_USD,2025-03-21T00:00:00,2023,2015,0.53673
2009,A,0,WESR / Global Material Flows Database,EN_MAT_DOMCMPG,24,MF3,KG_PER_CON_USD,2025-03-21T00:00:00,2023,2015,0.94612
2010,A,0,WESR / Global Material Flows Database,EN_MAT_DOMCMPG,24,MF3,KG_PER_CON_USD,2025-03-21T00:00:00,2023,2015,0.63532
2011,A,0,WESR / Global Material Flows Database,EN_MAT_DOMCMPG,24,MF3,KG_PER_CON_USD,2025-03-21T00:00:00,2023,2015,0.65992
2012,A,0,WESR / Global Material Flows Database,EN_MAT_DOMCMPG,24,MF3,KG_PER_CON_USD,2025-03-21T00:00:00,2023,2015,1.67306
2013,A,0,WESR / Global Material Flows Database,EN_MAT_DOMCMPG,24,MF3,KG_PER_CON_USD,2025-03-21T00:00:00,2023,2015,1.68299
2014,A,0,WESR / Global Material Flows Database,EN_MAT_DOMCMPG,24,MF3,KG_PER_CON_USD,2025-03-21T00:00:00,2023,2015,1.63017
2015,A,0,WESR / Global Material Flows Database,EN_MAT_DOMCMPG,24,MF3,KG_PER_CON_USD,2025-03-21T00:00:00,2023,2015,1.41228
2016,A,0,WESR / Global Material Flows Database,EN_MAT_DOMCMPG,24,MF3,KG_PER_CON_USD,2025-03-21T00:00:00,2023,2015,1.35787
2017,A,0,WESR / Global Material Flows Database,EN_MAT_DOMCMPG,24,MF3,KG_PER_CON_USD,2025-03-21T00:00:00,2023,2015,0.39659
2018,A,0,WESR / Global Material Flows Database,EN_MAT_DOMCMPG,24,MF3,KG_PER_CON_USD,2025-03-21T00:00:00,2023,2015,0.65875
2019,A,0,WESR / Global Material Flows Database,EN_MAT_DOMCMPG,24,MF3,KG_PER_CON_USD,2025-03-21T00:00:00,2023,2015,0.66901
2020,A,0,WESR / Global Material Flows Database,EN_MAT_DOMCMPG,24,MF3,KG_PER_CON_USD,2025-03-21T00:00:00,2023,2015,0.64271
2021,A,0,WESR / Global Material Flows Database,EN_MAT_DOMCMPG,24,MF3,KG_PER_CON_USD,2025-03-21T00:00:00,2023,2015,0.67274
2022,A,0,WESR / Global Material Flows Database,EN_MAT_DOMCMPG,24,MF3,KG_PER_CON_USD,2025-03-21T00:00:00,2023,2015,0.67609
2023,A,0,WESR / Global Material Flows Database,EN_MAT_DOMCMPG,24,MF3,KG_PER_CON_USD,2025-03-21T00:00:00,2023,2015,0.67523
2000,A,0,WESR / Global Material Flows Database,EN_MAT_DOMCMPG,24,MF4,KG_PER_CON_USD,2025-03-21T00:00:00,2023,2015,0.0696
2001,A,0,WESR / Global Material Flows Database,EN_MAT_DOMCMPG,24,MF4,KG_PER_CON_USD,2025-03-21T00:00:00,2023,2015,0.05957
2002,A,0,WESR / Global Material Flows Database,EN_MAT_DOMCMPG,24,MF4,KG_PER_CON_USD,2025-03-21T00:00:00,2023,2015,0.05306
2003,A,0,WESR / Global Material Flows Database,EN_MAT_DOMCMPG,24,MF4,KG_PER_CON_USD,2025-03-21T00:00:00,2023,2015,0.05631
2004,A,0,WESR / Global Material Flows Database,EN_MAT_DOMCMPG,24,MF4,KG_PER_CON_USD,2025-03-21T00:00:00,2023,2015,0.0551
2005,A,0,WESR / Global Material Flows Database,EN_MAT_DOMCMPG,24,MF4,KG_PER_CON_USD,2025-03-21T00:00:00,2023,2015,0.04176
2006,A,0,WESR / Global Material Flows Database,EN_MAT_DOMCMPG,24,MF4,KG_PER_CON_USD,2025-03-21T00:00:00,2023,2015,0.05266
2007,A,0,WESR / Global Material Flows Database,EN_MAT_DOMCMPG,24,MF4,KG_PER_CON_USD,2025-03-21T00:00:00,2023,2015,0.04076
2008,A,0,WESR / Global Material Flows Database,EN_MAT_DOMCMPG,24,MF4,KG_PER_CON_USD,2025-03-21T00:00:00,2023,2015,0.04518
2009,A,0,WESR / Global Material Flows Database,EN_MAT_DOMCMPG,24,MF4,KG_PER_CON_USD,2025-03-21T00:00:00,2023,2015,0.03288
2010,A,0,WESR / Global Material Flows Database,EN_MAT_DOMCMPG,24,MF4,KG_PER_CON_USD,2025-03-21T00:00:00,2023,2015,0.03132
2011,A,0,WESR / Global Material Flows Database,EN_MAT_DOMCMPG,24,MF4,KG_PER_CON_USD,2025-03-21T00:00:00,2023,2015,0.04875
2012,A,0,WESR / Global Material Flows Database,EN_MAT_DOMCMPG,24,MF4,KG_PER_CON_USD,2025-03-21T00:00:00,2023,2015,0.02991
2013,A,0,WESR / Global Material Flows Database,EN_MAT_DOMCMPG,24,MF4,KG_PER_CON_USD,2025-03-21T00:00:00,2023,2015,0.02979
2014,A,0,WESR / Global Material Flows Database,EN_MAT_DOMCMPG,24,MF4,KG_PER_CON_USD,2025-03-21T00:00:00,2023,2015,0.03234
2015,A,0,WESR / Global Material Flows Database,EN_MAT_DOMCMPG,24,MF4,KG_PER_CON_USD,2025-03-21T00:00:00,2023,2015,0.0293
2016,A,0,WESR / Global Material Flows Database,EN_MAT_DOMCMPG,24,MF4,KG_PER_CON_USD,2025-03-21T00:00:00,2023,2015,0.03507
2017,A,0,WESR / Global Material Flows Database,EN_MAT_DOMCMPG,24,MF4,KG_PER_CON_USD,2025-03-21T00:00:00,2023,2015,0.06457
2018,A,0,WESR / Global Material Flows Database,EN_MAT_DOMCMPG,24,MF4,KG_PER_CON_USD,2025-03-21T00:00:00,2023,2015,0.06573
2019,A,0,WESR / Global Material Flows Database,EN_MAT_DOMCMPG,24,MF4,KG_PER_CON_USD,2025-03-21T00:00:00,2023,2015,0.07729
2020,A,0,WESR / Global Material Flows Database,EN_MAT_DOMCMPG,24,MF4,KG_PER_CON_USD,2025-03-21T00:00:00,2023,2015,0.07952
2021,A,0,WESR / Global Material Flows Database,EN_MAT_DOMCMPG,24,MF4,KG_PER_CON_USD,2025-03-21T00:00:00,2023,2015,0.06536
2022,A,0,WESR / Global Material Flows Database,EN_MAT_DOMCMPG,24,MF4,KG_PER_CON_USD,2025-03-21T00:00:00,2023,2015,0.06345
2023,A,0,WESR / Global Material Flows Database,EN_MAT_DOMCMPG,24,MF4,KG_PER_CON_USD,2025-03-21T00:00:00,2023,2015,0.06057
2000,A,0,WESR / Global Material Flows Database,EN_MAT_DOMCMPG,24,MF41,KG_PER_CON_USD,2025-03-21T00:00:00,2023,2015,0.0
2001,A,0,WESR / Global Material Flows Database,EN_MAT_DOMCMPG,24,MF41,KG_PER_CON_USD,2025-03-21T00:00:00,2023,2015,0.0
2002,A,0,WESR / Global Material Flows Database,EN_MAT_DOMCMPG,24,MF41,KG_PER_CON_USD,2025-03-21T00:00:00,2023,2015,0.0
2003,A,0,WESR / Global Material Flows Database,EN_MAT_DOMCMPG,24,MF41,KG_PER_CON_USD,2025-03-21T00:00:00,2023,2015,0.0
2004,A,0,WESR / Global Material Flows Database,EN_MAT_DOMCMPG,24,MF41,KG_PER_CON_USD,2025-03-21T00:00:00,2023,2015,0.0
2005,A,0,WESR / Global Material Flows Database,EN_MAT_DOMCMPG,24,MF41,KG_PER_CON_USD,2025-03-21T00:00:00,2023,2015,0.0
2006,A,0,WESR / Global Material Flows Database,EN_MAT_DOMCMPG,24,MF41,KG_PER_CON_USD,2025-03-21T00:00:00,2023,2015,0.0
2007,A,0,WESR / Global Material Flows Database,EN_MAT_DOMCMPG,24,MF41,KG_PER_CON_USD,2025-03-21T00:00:00,2023,2015,0.0
2008,A,0,WESR / Global Material Flows Database,EN_MAT_DOMCMPG,24,MF41,KG_PER_CON_USD,2025-03-21T00:00:00,2023,2015,0.0
2009,A,0,WESR / Global Material Flows Database,EN_MAT_DOMCMPG,24,MF41,KG_PER_CON_USD,2025-03-21T00:00:00,2023,2015,0.0
2010,A,0,WESR / Global Material Flows Database,EN_MAT_DOMCMPG,24,MF41,KG_PER_CON_USD,2025-03-21T00:00:00,2023,2015,0.0
2011,A,0,WESR / Global Material Flows Database,EN_MAT_DOMCMPG,24,MF41,KG_PER_CON_USD,2025-03-21T00:00:00,2023,2015,0.0
2012,A,0,WESR / Global Material Flows Database,EN_MAT_DOMCMPG,24,MF41,KG_PER_CON_USD,2025-03-21T00:00:00,2023,2015,0.0
2013,A,0,WESR / Global Material Flows Database,EN_MAT_DOMCMPG,24,MF41,KG_PER_CON_USD,2025-03-21T00:00:00,2023,2015,0.0
2014,A,0,WESR / Global Material Flows Database,EN_MAT_DOMCMPG,24,MF41,KG_PER_CON_USD,2025-03-21T00:00:00,2023,2015,0.0
2015,A,0,WESR / Global Material Flows Database,EN_MAT_DOMCMPG,24,MF41,KG_PER_CON_USD,2025-03-21T00:00:00,2023,2015,0.0
2016,A,0,WESR / Global Material Flows Database,EN_MAT_DOMCMPG,24,MF41,KG_PER_CON_USD,2025-03-21T00:00:00,2023,2015,0.0
2017,A,0,WESR / Global Material Flows Database,EN_MAT_DOMCMPG,24,MF41,KG_PER_CON_USD,2025-03-21T00:00:00,2023,2015,0.0
2018,A,0,WESR / Global Material Flows Database,EN_MAT_DOMCMPG,24,MF41,KG_PER_CON_USD,2025-03-21T00:00:00,2023,2015,0.0
2019,A,0,WESR / Global Material Flows Database,EN_MAT_DOMCMPG,24,MF41,KG_PER_CON_USD,2025-03-21T00:00:00,2023,2015,0.0
2020,A,0,WESR / Global Material Flows Database,EN_MAT_DOMCMPG,24,MF41,KG_PER_CON_USD,2025-03-21T00:00:00,2023,2015,0.0
2021,A,0,WESR / Global Material Flows Database,EN_MAT_DOMCMPG,24,MF41,KG_PER_CON_USD,2025-03-21T00:00:00,2023,2015,0.0
2022,A,0,WESR / Global Material Flows Database,EN_MAT_DOMCMPG,24,MF41,KG_PER_CON_USD,2025-03-21T00:00:00,2023,2015,0.0
2023,A,0,WESR / Global Material Flows Database,EN_MAT_DOMCMPG,24,MF41,KG_PER_CON_USD,2025-03-21T00:00:00,2023,2015,0.0
2000,A,0,WESR / Global Material Flows Database,EN_MAT_DOMCMPG,24,MF421,KG_PER_CON_USD,2025-03-21T00:00:00,2023,2015,0.05971
2001,A,0,WESR / Global Material Flows Database,EN_MAT_DOMCMPG,24,MF421,KG_PER_CON_USD,2025-03-21T00:00:00,2023,2015,0.05081
2002,A,0,WESR / Global Material Flows Database,EN_MAT_DOMCMPG,24,MF421,KG_PER_CON_USD,2025-03-21T00:00:00,2023,2015,0.04411
2003,A,0,WESR / Global Material Flows Database,EN_MAT_DOMCMPG,24,MF421,KG_PER_CON_USD,2025-03-21T00:00:00,2023,2015,0.0472
2004,A,0,WESR / Global Material Flows Database,EN_MAT_DOMCMPG,24,MF421,KG_PER_CON_USD,2025-03-21T00:00:00,2023,2015,0.04537
2005,A,0,WESR / Global Material Flows Database,EN_MAT_DOMCMPG,24,MF421,KG_PER_CON_USD,2025-03-21T00:00:00,2023,2015,0.03443
2006,A,0,WESR / Global Material Flows Database,EN_MAT_DOMCMPG,24,MF421,KG_PER_CON_USD,2025-03-21T00:00:00,2023,2015,0.04579
2007,A,0,WESR / Global Material Flows Database,EN_MAT_DOMCMPG,24,MF421,KG_PER_CON_USD,2025-03-21T00:00:00,2023,2015,0.0334
2008,A,0,WESR / Global Material Flows Database,EN_MAT_DOMCMPG,24,MF421,KG_PER_CON_USD,2025-03-21T00:00:00,2023,2015,0.0399
2009,A,0,WESR / Global Material Flows Database,EN_MAT_DOMCMPG,24,MF421,KG_PER_CON_USD,2025-03-21T00:00:00,2023,2015,0.02757
2010,A,0,WESR / Global Material Flows Database,EN_MAT_DOMCMPG,24,MF421,KG_PER_CON_USD,2025-03-21T00:00:00,2023,2015,0.02594
2011,A,0,WESR / Global Material Flows Database,EN_MAT_DOMCMPG,24,MF421,KG_PER_CON_USD,2025-03-21T00:00:00,2023,2015,0.04343
2012,A,0,WESR / Global Material Flows Database,EN_MAT_DOMCMPG,24,MF421,KG_PER_CON_USD,2025-03-21T00:00:00,2023,2015,0.02494
2013,A,0,WESR / Global Material Flows Database,EN_MAT_DOMCMPG,24,MF421,KG_PER_CON_USD,2025-03-21T00:00:00,2023,2015,0.02717
2014,A,0,WESR / Global Material Flows Database,EN_MAT_DOMCMPG,24,MF421,KG_PER_CON_USD,2025-03-21T00:00:00,2023,2015,0.03045
2015,A,0,WESR / Global Material Flows Database,EN_MAT_DOMCMPG,24,MF421,KG_PER_CON_USD,2025-03-21T00:00:00,2023,2015,0.02477
2016,A,0,WESR / Global Material Flows Database,EN_MAT_DOMCMPG,24,MF421,KG_PER_CON_USD,2025-03-21T00:00:00,2023,2015,0.03012
2017,A,0,WESR / Global Material Flows Database,EN_MAT_DOMCMPG,24,MF421,KG_PER_CON_USD,2025-03-21T00:00:00,2023,2015,0.05887
2018,A,0,WESR / Global Material Flows Database,EN_MAT_DOMCMPG,24,MF421,KG_PER_CON_USD,2025-03-21T00:00:00,2023,2015,0.05978
2019,A,0,WESR / Global Material Flows Database,EN_MAT_DOMCMPG,24,MF421,KG_PER_CON_USD,2025-03-21T00:00:00,2023,2015,0.06857
2020,A,0,WESR / Global Material Flows Database,EN_MAT_DOMCMPG,24,MF421,KG_PER_CON_USD,2025-03-21T00:00:00,2023,2015,0.06998
2021,A,0,WESR / Global Material Flows Database,EN_MAT_DOMCMPG,24,MF421,KG_PER_CON_USD,2025-03-21T00:00:00,2023,2015,0.05705
2022,A,0,WESR / Global Material Flows Database,EN_MAT_DOMCMPG,24,MF421,KG_PER_CON_USD,2025-03-21T00:00:00,2023,2015,0.05533
2023,A,0,WESR / Global Material Flows Database,EN_MAT_DOMCMPG,24,MF421,KG_PER_CON_USD,2025-03-21T00:00:00,2023,2015,0.05285
2000,A,0,WESR / Global Material Flows Database,EN_MAT_DOMCMPG,24,MF422,KG_PER_CON_USD,2025-03-21T00:00:00,2023,2015,0.00989
2001,A,0,WESR / Global Material Flows Database,EN_MAT_DOMCMPG,24,MF422,KG_PER_CON_USD,2025-03-21T00:00:00,2023,2015,0.00876
2002,A,0,WESR / Global Material Flows Database,EN_MAT_DOMCMPG,24,MF422,KG_PER_CON_USD,2025-03-21T00:00:00,2023,2015,0.00895
2003,A,0,WESR / Global Material Flows Database,EN_MAT_DOMCMPG,24,MF422,KG_PER_CON_USD,2025-03-21T00:00:00,2023,2015,0.00911
2004,A,0,WESR / Global Material Flows Database,EN_MAT_DOMCMPG,24,MF422,KG_PER_CON_USD,2025-03-21T00:00:00,2023,2015,0.00973
2005,A,0,WESR / Global Material Flows Database,EN_MAT_DOMCMPG,24,MF422,KG_PER_CON_USD,2025-03-21T00:00:00,2023,2015,0.00733
2006,A,0,WESR / Global Material Flows Database,EN_MAT_DOMCMPG,24,MF422,KG_PER_CON_USD,2025-03-21T00:00:00,2023,2015,0.00687
2007,A,0,WESR / Global Material Flows Database,EN_MAT_DOMCMPG,24,MF422,KG_PER_CON_USD,2025-03-21T00:00:00,2023,2015,0.00735
2008,A,0,WESR / Global Material Flows Database,EN_MAT_DOMCMPG,24,MF422,KG_PER_CON_USD,2025-03-21T00:00:00,2023,2015,0.00528
2009,A,0,WESR / Global Material Flows Database,EN_MAT_DOMCMPG,24,MF422,KG_PER_CON_USD,2025-03-21T00:00:00,2023,2015,0.00531
2010,A,0,WESR / Global Material Flows Database,EN_MAT_DOMCMPG,24,MF422,KG_PER_CON_USD,2025-03-21T00:00:00,2023,2015,0.00538
2011,A,0,WESR / Global Material Flows Database,EN_MAT_DOMCMPG,24,MF422,KG_PER_CON_USD,2025-03-21T00:00:00,2023,2015,0.00532
2012,A,0,WESR / Global Material Flows Database,EN_MAT_DOMCMPG,24,MF422,KG_PER_CON_USD,2025-03-21T00:00:00,2023,2015,0.00497
2013,A,0,WESR / Global Material Flows Database,EN_MAT_DOMCMPG,24,MF422,KG_PER_CON_USD,2025-03-21T00:00:00,2023,2015,0.00262
2014,A,0,WESR / Global Material Flows Database,EN_MAT_DOMCMPG,24,MF422,KG_PER_CON_USD,2025-03-21T00:00:00,2023,2015,0.00189
2015,A,0,WESR / Global Material Flows Database,EN_MAT_DOMCMPG,24,MF422,KG_PER_CON_USD,2025-03-21T00:00:00,2023,2015,0.00453
2016,A,0,WESR / Global Material Flows Database,EN_MAT_DOMCMPG,24,MF422,KG_PER_CON_USD,2025-03-21T00:00:00,2023,2015,0.00495
2017,A,0,WESR / Global Material Flows Database,EN_MAT_DOMCMPG,24,MF422,KG_PER_CON_USD,2025-03-21T00:00:00,2023,2015,0.0057
2018,A,0,WESR / Global Material Flows Database,EN_MAT_DOMCMPG,24,MF422,KG_PER_CON_USD,2025-03-21T00:00:00,2023,2015,0.00594
2019,A,0,WESR / Global Material Flows Database,EN_MAT_DOMCMPG,24,MF422,KG_PER_CON_USD,2025-03-21T00:00:00,2023,2015,0.00872
2020,A,0,WESR / Global Material Flows Database,EN_MAT_DOMCMPG,24,MF422,KG_PER_CON_USD,2025-03-21T00:00:00,2023,2015,0.00954
2021,A,0,WESR / Global Material Flows Database,EN_MAT_DOMCMPG,24,MF422,KG_PER_CON_USD,2025-03-21T00:00:00,2023,2015,0.00831
2022,A,0,WESR / Global Material Flows Database,EN_MAT_DOMCMPG,24,MF422,KG_PER_CON_USD,2025-03-21T00:00:00,2023,2015,0.00812
2023,A,0,WESR / Global Material Flows Database,EN_MAT_DOMCMPG,24,MF422,KG_PER_CON_USD,2025-03-21T00:00:00,2023,2015,0.00772
2000,A,0,WESR / Global Material Flows Database,EN_MAT_DOMCMPT,24,None,T,2025-05-21T00:00:00,2023,,48544930.38385
2001,A,0,WESR / Global Material Flows Database,EN_MAT_DOMCMPT,24,None,T,2025-05-21T00:00:00,2023,,54283762.03891
2002,A,0,WESR / Global Material Flows Database,EN_MAT_DOMCMPT,24,None,T,2025-05-21T00:00:00,2023,,64290661.60908
2003,A,0,WESR / Global Material Flows Database,EN_MAT_DOMCMPT,24,None,T,2025-05-21T00:00:00,2023,,67605260.44165
2004,A,0,WESR / Global Material Flows Database,EN_MAT_DOMCMPT,24,None,T,2025-05-21T00:00:00,2023,,71508148.3409
2005,A,0,WESR / Global Material Flows Database,EN_MAT_DOMCMPT,24,None,T,2025-05-21T00:00:00,2023,,75182449.26009
2006,A,0,WESR / Global Material Flows Database,EN_MAT_DOMCMPT,24,None,T,2025-05-21T00:00:00,2023,,85668357.3583
2007,A,0,WESR / Global Material Flows Database,EN_MAT_DOMCMPT,24,None,T,2025-05-21T00:00:00,2023,,98487210.44696
2008,A,0,WESR / Global Material Flows Database,EN_MAT_DOMCMPT,24,None,T,2025-05-21T00:00:00,2023,,95007431.06372
2009,A,0,WESR / Global Material Flows Database,EN_MAT_DOMCMPT,24,None,T,2025-05-21T00:00:00,2023,,146766713.97211
2010,A,0,WESR / Global Material Flows Database,EN_MAT_DOMCMPT,24,None,T,2025-05-21T00:00:00,2023,,123057125.04438
2011,A,0,WESR / Global Material Flows Database,EN_MAT_DOMCMPT,24,None,T,2025-05-21T00:00:00,2023,,133713177.22119
2012,A,0,WESR / Global Material Flows Database,EN_MAT_DOMCMPT,24,None,T,2025-05-21T00:00:00,2023,,234434666.85873
2013,A,0,WESR / Global Material Flows Database,EN_MAT_DOMCMPT,24,None,T,2025-05-21T00:00:00,2023,,263080892.06677
2014,A,0,WESR / Global Material Flows Database,EN_MAT_DOMCMPT,24,None,T,2025-05-21T00:00:00,2023,,258443938.52131
2015,A,0,WESR / Global Material Flows Database,EN_MAT_DOMCMPT,24,None,T,2025-05-21T00:00:00,2023,,231331334.44702
2016,A,0,WESR / Global Material Flows Database,EN_MAT_DOMCMPT,24,None,T,2025-05-21T00:00:00,2023,,221694824.73039
2017,A,0,WESR / Global Material Flows Database,EN_MAT_DOMCMPT,24,None,T,2025-05-21T00:00:00,2023,,114946681.13061
2018,A,0,WESR / Global Material Flows Database,EN_MAT_DOMCMPT,24,None,T,2025-05-21T00:00:00,2023,,146086730.63334
2019,A,0,WESR / Global Material Flows Database,EN_MAT_DOMCMPT,24,None,T,2025-05-21T00:00:00,2023,,143463024.06239
2020,A,0,WESR / Global Material Flows Database,EN_MAT_DOMCMPT,24,None,T,2025-05-21T00:00:00,2023,,135822598.91419
2021,A,0,WESR / Global Material Flows Database,EN_MAT_DOMCMPT,24,None,T,2025-05-21T00:00:00,2023,,140892221.59622
2022,A,0,WESR / Global Material Flows Database,EN_MAT_DOMCMPT,24,None,T,2025-05-21T00:00:00,2023,,144362580.56272
2023,A,0,WESR / Global Material Flows Database,EN_MAT_DOMCMPT,24,None,T,2025-05-21T00:00:00,2023,,144399253.44038
2000,A,0,WESR / Global Material Flows Database,EN_MAT_DOMCMPT,24,MF_AGG3A,T,2025-05-21T00:00:00,2023,,6232513.5
2001,A,0,WESR / Global Material Flows Database,EN_MAT_DOMCMPT,24,MF_AGG3A,T,2025-05-21T00:00:00,2023,,7508163.4
2002,A,0,WESR / Global Material Flows Database,EN_MAT_DOMCMPT,24,MF_AGG3A,T,2025-05-21T00:00:00,2023,,8819728.772
2003,A,0,WESR / Global Material Flows Database,EN_MAT_DOMCMPT,24,MF_AGG3A,T,2025-05-21T00:00:00,2023,,9507146.2
2004,A,0,WESR / Global Material Flows Database,EN_MAT_DOMCMPT,24,MF_AGG3A,T,2025-05-21T00:00:00,2023,,10291399.872
2005,A,0,WESR / Global Material Flows Database,EN_MAT_DOMCMPT,24,MF_AGG3A,T,2025-05-21T00:00:00,2023,,9223246.94
2006,A,0,WESR / Global Material Flows Database,EN_MAT_DOMCMPT,24,MF_AGG3A,T,2025-05-21T00:00:00,2023,,10242276.02
2007,A,0,WESR / Global Material Flows Database,EN_MAT_DOMCMPT,24,MF_AGG3A,T,2025-05-21T00:00:00,2023,,15139942.3476
2008,A,0,WESR / Global Material Flows Database,EN_MAT_DOMCMPT,24,MF_AGG3A,T,2025-05-21T00:00:00,2023,,14336349.649
2009,A,0,WESR / Global Material Flows Database,EN_MAT_DOMCMPT,24,MF_AGG3A,T,2025-05-21T00:00:00,2023,,32588271.9191
2010,A,0,WESR / Global Material Flows Database,EN_MAT_DOMCMPT,24,MF_AGG3A,T,2025-05-21T00:00:00,2023,,29087298.128
2011,A,0,WESR / Global Material Flows Database,EN_MAT_DOMCMPT,24,MF_AGG3A,T,2025-05-21T00:00:00,2023,,32513376.207
2012,A,0,WESR / Global Material Flows Database,EN_MAT_DOMCMPT,24,MF_AGG3A,T,2025-05-21T00:00:00,2023,,143904608.14012
2013,A,0,WESR / Global Material Flows Database,EN_MAT_DOMCMPT,24,MF_AGG3A,T,2025-05-21T00:00:00,2023,,152506963.24507
2014,A,0,WESR / Global Material Flows Database,EN_MAT_DOMCMPT,24,MF_AGG3A,T,2025-05-21T00:00:00,2023,,154715895.87619
2015,A,0,WESR / Global Material Flows Database,EN_MAT_DOMCMPT,24,MF_AGG3A,T,2025-05-21T00:00:00,2023,,130084545.1078
2016,A,0,WESR / Global Material Flows Database,EN_MAT_DOMCMPT,24,MF_AGG3A,T,2025-05-21T00:00:00,2023,,119770124.968
2017,A,0,WESR / Global Material Flows Database,EN_MAT_DOMCMPT,24,MF_AGG3A,T,2025-05-21T00:00:00,2023,,9316542.165
2018,A,0,WESR / Global Material Flows Database,EN_MAT_DOMCMPT,24,MF_AGG3A,T,2025-05-21T00:00:00,2023,,38195726.29206
2019,A,0,WESR / Global Material Flows Database,EN_MAT_DOMCMPT,24,MF_AGG3A,T,2025-05-21T00:00:00,2023,,39864772.13585
2020,A,0,WESR / Global Material Flows Database,EN_MAT_DOMCMPT,24,MF_AGG3A,T,2025-05-21T00:00:00,2023,,38175825.66033
2021,A,0,WESR / Global Material Flows Database,EN_MAT_DOMCMPT,24,MF_AGG3A,T,2025-05-21T00:00:00,2023,,40454123.96129
2022,A,0,WESR / Global Material Flows Database,EN_MAT_DOMCMPT,24,MF_AGG3A,T,2025-05-21T00:00:00,2023,,41873302.73187
2023,A,0,WESR / Global Material Flows Database,EN_MAT_DOMCMPT,24,MF_AGG3A,T,2025-05-21T00:00:00,2023,,42284376.52358
2000,A,0,WESR / Global Material Flows Database,EN_MAT_DOMCMPT,24,MF_AGG3B,T,2025-05-21T00:00:00,2023,,14829611.82995
2001,A,0,WESR / Global Material Flows Database,EN_MAT_DOMCMPT,24,MF_AGG3B,T,2025-05-21T00:00:00,2023,,16655859.51941
2002,A,0,WESR / Global Material Flows Database,EN_MAT_DOMCMPT,24,MF_AGG3B,T,2025-05-21T00:00:00,2023,,22200146.02588
2003,A,0,WESR / Global Material Flows Database,EN_MAT_DOMCMPT,24,MF_AGG3B,T,2025-05-21T00:00:00,2023,,22937517.56007
2004,A,0,WESR / Global Material Flows Database,EN_MAT_DOMCMPT,24,MF_AGG3B,T,2025-05-21T00:00:00,2023,,22738218.1146
2005,A,0,WESR / Global Material Flows Database,EN_MAT_DOMCMPT,24,MF_AGG3B,T,2025-05-21T00:00:00,2023,,26200499.07579
2006,A,0,WESR / Global Material Flows Database,EN_MAT_DOMCMPT,24,MF_AGG3B,T,2025-05-21T00:00:00,2023,,33953890.9427
2007,A,0,WESR / Global Material Flows Database,EN_MAT_DOMCMPT,24,MF_AGG3B,T,2025-05-21T00:00:00,2023,,36027105.74426
2008,A,0,WESR / Global Material Flows Database,EN_MAT_DOMCMPT,24,MF_AGG3B,T,2025-05-21T00:00:00,2023,,32962815.15712
2009,A,0,WESR / Global Material Flows Database,EN_MAT_DOMCMPT,24,MF_AGG3B,T,2025-05-21T00:00:00,2023,,51503420.20031
2010,A,0,WESR / Global Material Flows Database,EN_MAT_DOMCMPT,24,MF_AGG3B,T,2025-05-21T00:00:00,2023,,30124109.64828
2011,A,0,WESR / Global Material Flows Database,EN_MAT_DOMCMPT,24,MF_AGG3B,T,2025-05-21T00:00:00,2023,,31125877.86019
2012,A,0,WESR / Global Material Flows Database,EN_MAT_DOMCMPT,24,MF_AGG3B,T,2025-05-21T00:00:00,2023,,31219662.6555
2013,A,0,WESR / Global Material Flows Database,EN_MAT_DOMCMPT,24,MF_AGG3B,T,2025-05-21T00:00:00,2023,,32384771.75689
2014,A,0,WESR / Global Material Flows Database,EN_MAT_DOMCMPT,24,MF_AGG3B,T,2025-05-21T00:00:00,2023,,33009490.05512
2015,A,0,WESR / Global Material Flows Database,EN_MAT_DOMCMPT,24,MF_AGG3B,T,2025-05-21T00:00:00,2023,,34013021.32882
2016,A,0,WESR / Global Material Flows Database,EN_MAT_DOMCMPT,24,MF_AGG3B,T,2025-05-21T00:00:00,2023,,33904051.58744
2017,A,0,WESR / Global Material Flows Database,EN_MAT_DOMCMPT,24,MF_AGG3B,T,2025-05-21T00:00:00,2023,,35522039.96084
2018,A,0,WESR / Global Material Flows Database,EN_MAT_DOMCMPT,24,MF_AGG3B,T,2025-05-21T00:00:00,2023,,35314310.83368
2019,A,0,WESR / Global Material Flows Database,EN_MAT_DOMCMPT,24,MF_AGG3B,T,2025-05-21T00:00:00,2023,,34267026.10208
2020,A,0,WESR / Global Material Flows Database,EN_MAT_DOMCMPT,24,MF_AGG3B,T,2025-05-21T00:00:00,2023,,29026484.32197
2021,A,0,WESR / Global Material Flows Database,EN_MAT_DOMCMPT,24,MF_AGG3B,T,2025-05-21T00:00:00,2023,,30732780.34082
2022,A,0,WESR / Global Material Flows Database,EN_MAT_DOMCMPT,24,MF_AGG3B,T,2025-05-21T00:00:00,2023,,31813994.84766
2023,A,0,WESR / Global Material Flows Database,EN_MAT_DOMCMPT,24,MF_AGG3B,T,2025-05-21T00:00:00,2023,,32118326.72545
2000,A,0,WESR / Global Material Flows Database,EN_MAT_DOMCMPT,24,MF1,T,2025-05-21T00:00:00,2023,,24608305.5339
2001,A,0,WESR / Global Material Flows Database,EN_MAT_DOMCMPT,24,MF1,T,2025-05-21T00:00:00,2023,,27261246.7395
2002,A,0,WESR / Global Material Flows Database,EN_MAT_DOMCMPT,24,MF1,T,2025-05-21T00:00:00,2023,,30188300.4952
2003,A,0,WESR / Global Material Flows Database,EN_MAT_DOMCMPT,24,MF1,T,2025-05-21T00:00:00,2023,,31371499.4644
2004,A,0,WESR / Global Material Flows Database,EN_MAT_DOMCMPT,24,MF1,T,2025-05-21T00:00:00,2023,,34453232.3143
2005,A,0,WESR / Global Material Flows Database,EN_MAT_DOMCMPT,24,MF1,T,2025-05-21T00:00:00,2023,,36743004.7043
2006,A,0,WESR / Global Material Flows Database,EN_MAT_DOMCMPT,24,MF1,T,2025-05-21T00:00:00,2023,,37022184.9956
2007,A,0,WESR / Global Material Flows Database,EN_MAT_DOMCMPT,24,MF1,T,2025-05-21T00:00:00,2023,,40097631.2971
2008,A,0,WESR / Global Material Flows Database,EN_MAT_DOMCMPT,24,MF1,T,2025-05-21T00:00:00,2023,,41180691.9256
2009,A,0,WESR / Global Material Flows Database,EN_MAT_DOMCMPT,24,MF1,T,2025-05-21T00:00:00,2023,,48706659.3227
2010,A,0,WESR / Global Material Flows Database,EN_MAT_DOMCMPT,24,MF1,T,2025-05-21T00:00:00,2023,,51449073.2101
2011,A,0,WESR / Global Material Flows Database,EN_MAT_DOMCMPT,24,MF1,T,2025-05-21T00:00:00,2023,,54718123.96
2012,A,0,WESR / Global Material Flows Database,EN_MAT_DOMCMPT,24,MF1,T,2025-05-21T00:00:00,2023,,44366572.3821
2013,A,0,WESR / Global Material Flows Database,EN_MAT_DOMCMPT,24,MF1,T,2025-05-21T00:00:00,2023,,61261982.6838
2014,A,0,WESR / Global Material Flows Database,EN_MAT_DOMCMPT,24,MF1,T,2025-05-21T00:00:00,2023,,50604382.815
2015,A,0,WESR / Global Material Flows Database,EN_MAT_DOMCMPT,24,MF1,T,2025-05-21T00:00:00,2023,,51459031.5114
2016,A,0,WESR / Global Material Flows Database,EN_MAT_DOMCMPT,24,MF1,T,2025-05-21T00:00:00,2023,,53311380.0078
2017,A,0,WESR / Global Material Flows Database,EN_MAT_DOMCMPT,24,MF1,T,2025-05-21T00:00:00,2023,,54539542.4346
2018,A,0,WESR / Global Material Flows Database,EN_MAT_DOMCMPT,24,MF1,T,2025-05-21T00:00:00,2023,,56775592.7684
2019,A,0,WESR / Global Material Flows Database,EN_MAT_DOMCMPT,24,MF1,T,2025-05-21T00:00:00,2023,,57626604.0058
2020,A,0,WESR / Global Material Flows Database,EN_MAT_DOMCMPT,24,MF1,T,2025-05-21T00:00:00,2023,,60033365.72057
2021,A,0,WESR / Global Material Flows Database,EN_MAT_DOMCMPT,24,MF1,T,2025-05-21T00:00:00,2023,,60566959.73446
2022,A,0,WESR / Global Material Flows Database,EN_MAT_DOMCMPT,24,MF1,T,2025-05-21T00:00:00,2023,,61501830.60943
2023,A,0,WESR / Global Material Flows Database,EN_MAT_DOMCMPT,24,MF1,T,2025-05-21T00:00:00,2023,,61113918.88875
2000,A,0,WESR / Global Material Flows Database,EN_MAT_DOMCMPT,24,MF11,T,2025-05-21T00:00:00,2023,,7488672.36
2001,A,0,WESR / Global Material Flows Database,EN_MAT_DOMCMPT,24,MF11,T,2025-05-21T00:00:00,2023,,8981805.09
2002,A,0,WESR / Global Material Flows Database,EN_MAT_DOMCMPT,24,MF11,T,2025-05-21T00:00:00,2023,,10766546.23
2003,A,0,WESR / Global Material Flows Database,EN_MAT_DOMCMPT,24,MF11,T,2025-05-21T00:00:00,2023,,11557853.53
2004,A,0,WESR / Global Material Flows Database,EN_MAT_DOMCMPT,24,MF11,T,2025-05-21T00:00:00,2023,,13686391.8
2005,A,0,WESR / Global Material Flows Database,EN_MAT_DOMCMPT,24,MF11,T,2025-05-21T00:00:00,2023,,14378391.49
2006,A,0,WESR / Global Material Flows Database,EN_MAT_DOMCMPT,24,MF11,T,2025-05-21T00:00:00,2023,,14769580.57
2007,A,0,WESR / Global Material Flows Database,EN_MAT_DOMCMPT,24,MF11,T,2025-05-21T00:00:00,2023,,16492448.95
2008,A,0,WESR / Global Material Flows Database,EN_MAT_DOMCMPT,24,MF11,T,2025-05-21T00:00:00,2023,,17338671.7
2009,A,0,WESR / Global Material Flows Database,EN_MAT_DOMCMPT,24,MF11,T,2025-05-21T00:00:00,2023,,21454966.73
2010,A,0,WESR / Global Material Flows Database,EN_MAT_DOMCMPT,24,MF11,T,2025-05-21T00:00:00,2023,,22822400.54
2011,A,0,WESR / Global Material Flows Database,EN_MAT_DOMCMPT,24,MF11,T,2025-05-21T00:00:00,2023,,24604372.55
2012,A,0,WESR / Global Material Flows Database,EN_MAT_DOMCMPT,24,MF11,T,2025-05-21T00:00:00,2023,,19561776.15
2013,A,0,WESR / Global Material Flows Database,EN_MAT_DOMCMPT,24,MF11,T,2025-05-21T00:00:00,2023,,28358013.79
2014,A,0,WESR / Global Material Flows Database,EN_MAT_DOMCMPT,24,MF11,T,2025-05-21T00:00:00,2023,,21421775.74
2015,A,0,WESR / Global Material Flows Database,EN_MAT_DOMCMPT,24,MF11,T,2025-05-21T00:00:00,2023,,21362373.58
2016,A,0,WESR / Global Material Flows Database,EN_MAT_DOMCMPT,24,MF11,T,2025-05-21T00:00:00,2023,,21872642.96
2017,A,0,WESR / Global Material Flows Database,EN_MAT_DOMCMPT,24,MF11,T,2025-05-21T00:00:00,2023,,22771546.28
2018,A,0,WESR / Global Material Flows Database,EN_MAT_DOMCMPT,24,MF11,T,2025-05-21T00:00:00,2023,,23369248.93
2019,A,0,WESR / Global Material Flows Database,EN_MAT_DOMCMPT,24,MF11,T,2025-05-21T00:00:00,2023,,23690381.88
2020,A,0,WESR / Global Material Flows Database,EN_MAT_DOMCMPT,24,MF11,T,2025-05-21T00:00:00,2023,,24870667.35489
2021,A,0,WESR / Global Material Flows Database,EN_MAT_DOMCMPT,24,MF11,T,2025-05-21T00:00:00,2023,,25051524.97
2022,A,0,WESR / Global Material Flows Database,EN_MAT_DOMCMPT,24,MF11,T,2025-05-21T00:00:00,2023,,25564255.92986
2023,A,0,WESR / Global Material Flows Database,EN_MAT_DOMCMPT,24,MF11,T,2025-05-21T00:00:00,2023,,25535625.94892
2000,A,0,WESR / Global Material Flows Database,EN_MAT_DOMCMPT,24,MF121,T,2025-05-21T00:00:00,2023,,5240723.3139
2001,A,0,WESR / Global Material Flows Database,EN_MAT_DOMCMPT,24,MF121,T,2025-05-21T00:00:00,2023,,6284350.2095
2002,A,0,WESR / Global Material Flows Database,EN_MAT_DOMCMPT,24,MF121,T,2025-05-21T00:00:00,2023,,7455777.8852
2003,A,0,WESR / Global Material Flows Database,EN_MAT_DOMCMPT,24,MF121,T,2025-05-21T00:00:00,2023,,7878447.3344
2004,A,0,WESR / Global Material Flows Database,EN_MAT_DOMCMPT,24,MF121,T,2025-05-21T00:00:00,2023,,8923244.7743
2005,A,0,WESR / Global Material Flows Database,EN_MAT_DOMCMPT,24,MF121,T,2025-05-21T00:00:00,2023,,9710539.0943
2006,A,0,WESR / Global Material Flows Database,EN_MAT_DOMCMPT,24,MF121,T,2025-05-21T00:00:00,2023,,9312143.7256
2007,A,0,WESR / Global Material Flows Database,EN_MAT_DOMCMPT,24,MF121,T,2025-05-21T00:00:00,2023,,10307391.0271
2008,A,0,WESR / Global Material Flows Database,EN_MAT_DOMCMPT,24,MF121,T,2025-05-21T00:00:00,2023,,10260329.3056
2009,A,0,WESR / Global Material Flows Database,EN_MAT_DOMCMPT,24,MF121,T,2025-05-21T00:00:00,2023,,13378891.4327
2010,A,0,WESR / Global Material Flows Database,EN_MAT_DOMCMPT,24,MF121,T,2025-05-21T00:00:00,2023,,14407962.6901
2011,A,0,WESR / Global Material Flows Database,EN_MAT_DOMCMPT,24,MF121,T,2025-05-21T00:00:00,2023,,15540615.95
2012,A,0,WESR / Global Material Flows Database,EN_MAT_DOMCMPT,24,MF121,T,2025-05-21T00:00:00,2023,,9874706.8121
2013,A,0,WESR / Global Material Flows Database,EN_MAT_DOMCMPT,24,MF121,T,2025-05-21T00:00:00,2023,,17621747.5338
2014,A,0,WESR / Global Material Flows Database,EN_MAT_DOMCMPT,24,MF121,T,2025-05-21T00:00:00,2023,,13457756.615
2015,A,0,WESR / Global Material Flows Database,EN_MAT_DOMCMPT,24,MF121,T,2025-05-21T00:00:00,2023,,14112556.8714
2016,A,0,WESR / Global Material Flows Database,EN_MAT_DOMCMPT,24,MF121,T,2025-05-21T00:00:00,2023,,15391919.0078
2017,A,0,WESR / Global Material Flows Database,EN_MAT_DOMCMPT,24,MF121,T,2025-05-21T00:00:00,2023,,15743014.9346
2018,A,0,WESR / Global Material Flows Database,EN_MAT_DOMCMPT,24,MF121,T,2025-05-21T00:00:00,2023,,17208152.8384
2019,A,0,WESR / Global Material Flows Database,EN_MAT_DOMCMPT,24,MF121,T,2025-05-21T00:00:00,2023,,17571343.437
2020,A,0,WESR / Global Material Flows Database,EN_MAT_DOMCMPT,24,MF121,T,2025-05-21T00:00:00,2023,,18577345.33628
2021,A,0,WESR / Global Material Flows Database,EN_MAT_DOMCMPT,24,MF121,T,2025-05-21T00:00:00,2023,,18752298.42559
2022,A,0,WESR / Global Material Flows Database,EN_MAT_DOMCMPT,24,MF121,T,2025-05-21T00:00:00,2023,,19112742.77243
2023,A,0,WESR / Global Material Flows Database,EN_MAT_DOMCMPT,24,MF121,T,2025-05-21T00:00:00,2023,,19134149.48474
2000,A,0,WESR / Global Material Flows Database,EN_MAT_DOMCMPT,24,MF122,T,2025-05-21T00:00:00,2023,,8845100.0
2001,A,0,WESR / Global Material Flows Database,EN_MAT_DOMCMPT,24,MF122,T,2025-05-21T00:00:00,2023,,8896100.0
2002,A,0,WESR / Global Material Flows Database,EN_MAT_DOMCMPT,24,MF122,T,2025-05-21T00:00:00,2023,,8801107.0
2003,A,0,WESR / Global Material Flows Database,EN_MAT_DOMCMPT,24,MF122,T,2025-05-21T00:00:00,2023,,8706120.0
2004,A,0,WESR / Global Material Flows Database,EN_MAT_DOMCMPT,24,MF122,T,2025-05-21T00:00:00,2023,,8527112.0
2005,A,0,WESR / Global Material Flows Database,EN_MAT_DOMCMPT,24,MF122,T,2025-05-21T00:00:00,2023,,9305092.5
2006,A,0,WESR / Global Material Flows Database,EN_MAT_DOMCMPT,24,MF122,T,2025-05-21T00:00:00,2023,,9520804.9
2007,A,0,WESR / Global Material Flows Database,EN_MAT_DOMCMPT,24,MF122,T,2025-05-21T00:00:00,2023,,9741588.6
2008,A,0,WESR / Global Material Flows Database,EN_MAT_DOMCMPT,24,MF122,T,2025-05-21T00:00:00,2023,,9967616.2
2009,A,0,WESR / Global Material Flows Database,EN_MAT_DOMCMPT,24,MF122,T,2025-05-21T00:00:00,2023,,10198787.0
2010,A,0,WESR / Global Material Flows Database,EN_MAT_DOMCMPT,24,MF122,T,2025-05-21T00:00:00,2023,,10435359.8
2011,A,0,WESR / Global Material Flows Database,EN_MAT_DOMCMPT,24,MF122,T,2025-05-21T00:00:00,2023,,10671771.3
2012,A,0,WESR / Global Material Flows Database,EN_MAT_DOMCMPT,24,MF122,T,2025-05-21T00:00:00,2023,,10913777.1
2013,A,0,WESR / Global Material Flows Database,EN_MAT_DOMCMPT,24,MF122,T,2025-05-21T00:00:00,2023,,11161278.1
2014,A,0,WESR / Global Material Flows Database,EN_MAT_DOMCMPT,24,MF122,T,2025-05-21T00:00:00,2023,,11412479.0
2015,A,0,WESR / Global Material Flows Database,EN_MAT_DOMCMPT,24,MF122,T,2025-05-21T00:00:00,2023,,11643444.7
2016,A,0,WESR / Global Material Flows Database,EN_MAT_DOMCMPT,24,MF122,T,2025-05-21T00:00:00,2023,,11794574.0
2017,A,0,WESR / Global Material Flows Database,EN_MAT_DOMCMPT,24,MF122,T,2025-05-21T00:00:00,2023,,11579168.0
2018,A,0,WESR / Global Material Flows Database,EN_MAT_DOMCMPT,24,MF122,T,2025-05-21T00:00:00,2023,,11763618.6
2019,A,0,WESR / Global Material Flows Database,EN_MAT_DOMCMPT,24,MF122,T,2025-05-21T00:00:00,2023,,11901294.6
2020,A,0,WESR / Global Material Flows Database,EN_MAT_DOMCMPT,24,MF122,T,2025-05-21T00:00:00,2023,,12016825.8
2021,A,0,WESR / Global Material Flows Database,EN_MAT_DOMCMPT,24,MF122,T,2025-05-21T00:00:00,2023,,12126269.1
2022,A,0,WESR / Global Material Flows Database,EN_MAT_DOMCMPT,24,MF122,T,2025-05-21T00:00:00,2023,,12303721.14901
2023,A,0,WESR / Global Material Flows Database,EN_MAT_DOMCMPT,24,MF122,T,2025-05-21T00:00:00,2023,,12144351.08053
2000,A,0,WESR / Global Material Flows Database,EN_MAT_DOMCMPT,24,MF13,T,2025-05-21T00:00:00,2023,,2895012.36
2001,A,0,WESR / Global Material Flows Database,EN_MAT_DOMCMPT,24,MF13,T,2025-05-21T00:00:00,2023,,2951724.44
2002,A,0,WESR / Global Material Flows Database,EN_MAT_DOMCMPT,24,MF13,T,2025-05-21T00:00:00,2023,,3006291.88
2003,A,0,WESR / Global Material Flows Database,EN_MAT_DOMCMPT,24,MF13,T,2025-05-21T00:00:00,2023,,3073617.6
2004,A,0,WESR / Global Material Flows Database,EN_MAT_DOMCMPT,24,MF13,T,2025-05-21T00:00:00,2023,,3139850.24
2005,A,0,WESR / Global Material Flows Database,EN_MAT_DOMCMPT,24,MF13,T,2025-05-21T00:00:00,2023,,3199004.12
2006,A,0,WESR / Global Material Flows Database,EN_MAT_DOMCMPT,24,MF13,T,2025-05-21T00:00:00,2023,,3246056.8
2007,A,0,WESR / Global Material Flows Database,EN_MAT_DOMCMPT,24,MF13,T,2025-05-21T00:00:00,2023,,3315404.72
2008,A,0,WESR / Global Material Flows Database,EN_MAT_DOMCMPT,24,MF13,T,2025-05-21T00:00:00,2023,,3378142.72
2009,A,0,WESR / Global Material Flows Database,EN_MAT_DOMCMPT,24,MF13,T,2025-05-21T00:00:00,2023,,3450869.16
2010,A,0,WESR / Global Material Flows Database,EN_MAT_DOMCMPT,24,MF13,T,2025-05-21T00:00:00,2023,,3516413.68
2011,A,0,WESR / Global Material Flows Database,EN_MAT_DOMCMPT,24,MF13,T,2025-05-21T00:00:00,2023,,3600821.16
2012,A,0,WESR / Global Material Flows Database,EN_MAT_DOMCMPT,24,MF13,T,2025-05-21T00:00:00,2023,,3657684.32
2013,A,0,WESR / Global Material Flows Database,EN_MAT_DOMCMPT,24,MF13,T,2025-05-21T00:00:00,2023,,3765270.76
2014,A,0,WESR / Global Material Flows Database,EN_MAT_DOMCMPT,24,MF13,T,2025-05-21T00:00:00,2023,,3829279.96
2015,A,0,WESR / Global Material Flows Database,EN_MAT_DOMCMPT,24,MF13,T,2025-05-21T00:00:00,2023,,3894679.36
2016,A,0,WESR / Global Material Flows Database,EN_MAT_DOMCMPT,24,MF13,T,2025-05-21T00:00:00,2023,,3910011.04
2017,A,0,WESR / Global Material Flows Database,EN_MAT_DOMCMPT,24,MF13,T,2025-05-21T00:00:00,2023,,4010562.72
2018,A,0,WESR / Global Material Flows Database,EN_MAT_DOMCMPT,24,MF13,T,2025-05-21T00:00:00,2023,,4094508.4
2019,A,0,WESR / Global Material Flows Database,EN_MAT_DOMCMPT,24,MF13,T,2025-05-21T00:00:00,2023,,4173610.12
2020,A,0,WESR / Global Material Flows Database,EN_MAT_DOMCMPT,24,MF13,T,2025-05-21T00:00:00,2023,,4297341.04
2021,A,0,WESR / Global Material Flows Database,EN_MAT_DOMCMPT,24,MF13,T,2025-05-21T00:00:00,2023,,4351474.0364
2022,A,0,WESR / Global Material Flows Database,EN_MAT_DOMCMPT,24,MF13,T,2025-05-21T00:00:00,2023,,4228207.82168
2023,A,0,WESR / Global Material Flows Database,EN_MAT_DOMCMPT,24,MF13,T,2025-05-21T00:00:00,2023,,4006745.75869
2000,A,0,WESR / Global Material Flows Database,EN_MAT_DOMCMPT,24,MF14,T,2025-05-21T00:00:00,2023,,138797.5
2001,A,0,WESR / Global Material Flows Database,EN_MAT_DOMCMPT,24,MF14,T,2025-05-21T00:00:00,2023,,147267.0
2002,A,0,WESR / Global Material Flows Database,EN_MAT_DOMCMPT,24,MF14,T,2025-05-21T00:00:00,2023,,158577.5
2003,A,0,WESR / Global Material Flows Database,EN_MAT_DOMCMPT,24,MF14,T,2025-05-21T00:00:00,2023,,155461.0
2004,A,0,WESR / Global Material Flows Database,EN_MAT_DOMCMPT,24,MF14,T,2025-05-21T00:00:00,2023,,176633.5
2005,A,0,WESR / Global Material Flows Database,EN_MAT_DOMCMPT,24,MF14,T,2025-05-21T00:00:00,2023,,149977.5
2006,A,0,WESR / Global Material Flows Database,EN_MAT_DOMCMPT,24,MF14,T,2025-05-21T00:00:00,2023,,173599.0
2007,A,0,WESR / Global Material Flows Database,EN_MAT_DOMCMPT,24,MF14,T,2025-05-21T00:00:00,2023,,240798.0
2008,A,0,WESR / Global Material Flows Database,EN_MAT_DOMCMPT,24,MF14,T,2025-05-21T00:00:00,2023,,235932.0
2009,A,0,WESR / Global Material Flows Database,EN_MAT_DOMCMPT,24,MF14,T,2025-05-21T00:00:00,2023,,223145.0
2010,A,0,WESR / Global Material Flows Database,EN_MAT_DOMCMPT,24,MF14,T,2025-05-21T00:00:00,2023,,266936.5
2011,A,0,WESR / Global Material Flows Database,EN_MAT_DOMCMPT,24,MF14,T,2025-05-21T00:00:00,2023,,300543.0
2012,A,0,WESR / Global Material Flows Database,EN_MAT_DOMCMPT,24,MF14,T,2025-05-21T00:00:00,2023,,358628.0
2013,A,0,WESR / Global Material Flows Database,EN_MAT_DOMCMPT,24,MF14,T,2025-05-21T00:00:00,2023,,355672.5
2014,A,0,WESR / Global Material Flows Database,EN_MAT_DOMCMPT,24,MF14,T,2025-05-21T00:00:00,2023,,483091.5
2015,A,0,WESR / Global Material Flows Database,EN_MAT_DOMCMPT,24,MF14,T,2025-05-21T00:00:00,2023,,445977.0
2016,A,0,WESR / Global Material Flows Database,EN_MAT_DOMCMPT,24,MF14,T,2025-05-21T00:00:00,2023,,342233.0
2017,A,0,WESR / Global Material Flows Database,EN_MAT_DOMCMPT,24,MF14,T,2025-05-21T00:00:00,2023,,435250.5
2018,A,0,WESR / Global Material Flows Database,EN_MAT_DOMCMPT,24,MF14,T,2025-05-21T00:00:00,2023,,340064.0
2019,A,0,WESR / Global Material Flows Database,EN_MAT_DOMCMPT,24,MF14,T,2025-05-21T00:00:00,2023,,289973.9688
2020,A,0,WESR / Global Material Flows Database,EN_MAT_DOMCMPT,24,MF14,T,2025-05-21T00:00:00,2023,,271186.1894
2021,A,0,WESR / Global Material Flows Database,EN_MAT_DOMCMPT,24,MF14,T,2025-05-21T00:00:00,2023,,285393.20248
2022,A,0,WESR / Global Material Flows Database,EN_MAT_DOMCMPT,24,MF14,T,2025-05-21T00:00:00,2023,,292902.93646
2023,A,0,WESR / Global Material Flows Database,EN_MAT_DOMCMPT,24,MF14,T,2025-05-21T00:00:00,2023,,293046.61587
2000,A,0,WESR / Global Material Flows Database,EN_MAT_DOMCMPT,24,MF2,T,2025-05-21T00:00:00,2023,,0.0
2001,A,0,WESR / Global Material Flows Database,EN_MAT_DOMCMPT,24,MF2,T,2025-05-21T00:00:00,2023,,0.0
2002,A,0,WESR / Global Material Flows Database,EN_MAT_DOMCMPT,24,MF2,T,2025-05-21T00:00:00,2023,,0.0
2003,A,0,WESR / Global Material Flows Database,EN_MAT_DOMCMPT,24,MF2,T,2025-05-21T00:00:00,2023,,0.0
2004,A,0,WESR / Global Material Flows Database,EN_MAT_DOMCMPT,24,MF2,T,2025-05-21T00:00:00,2023,,0.0
2005,A,0,WESR / Global Material Flows Database,EN_MAT_DOMCMPT,24,MF2,T,2025-05-21T00:00:00,2023,,0.0
2006,A,0,WESR / Global Material Flows Database,EN_MAT_DOMCMPT,24,MF2,T,2025-05-21T00:00:00,2023,,0.0
2007,A,0,WESR / Global Material Flows Database,EN_MAT_DOMCMPT,24,MF2,T,2025-05-21T00:00:00,2023,,510910.72
2008,A,0,WESR / Global Material Flows Database,EN_MAT_DOMCMPT,24,MF2,T,2025-05-21T00:00:00,2023,,0.0
2009,A,0,WESR / Global Material Flows Database,EN_MAT_DOMCMPT,24,MF2,T,2025-05-21T00:00:00,2023,,1039316.852
2010,A,0,WESR / Global Material Flows Database,EN_MAT_DOMCMPT,24,MF2,T,2025-05-21T00:00:00,2023,,756250.157
2011,A,0,WESR / Global Material Flows Database,EN_MAT_DOMCMPT,24,MF2,T,2025-05-21T00:00:00,2023,,739131.805
2012,A,0,WESR / Global Material Flows Database,EN_MAT_DOMCMPT,24,MF2,T,2025-05-21T00:00:00,2023,,943748.956
2013,A,0,WESR / Global Material Flows Database,EN_MAT_DOMCMPT,24,MF2,T,2025-05-21T00:00:00,2023,,1154769.416
2014,A,0,WESR / Global Material Flows Database,EN_MAT_DOMCMPT,24,MF2,T,2025-05-21T00:00:00,2023,,1698880.987
2015,A,0,WESR / Global Material Flows Database,EN_MAT_DOMCMPT,24,MF2,T,2025-05-21T00:00:00,2023,,1248956.68
2016,A,0,WESR / Global Material Flows Database,EN_MAT_DOMCMPT,24,MF2,T,2025-05-21T00:00:00,2023,,602116.36015
2017,A,0,WESR / Global Material Flows Database,EN_MAT_DOMCMPT,24,MF2,T,2025-05-21T00:00:00,2023,,448465.87817
2018,A,0,WESR / Global Material Flows Database,EN_MAT_DOMCMPT,24,MF2,T,2025-05-21T00:00:00,2023,,194622.62321
2019,A,0,WESR / Global Material Flows Database,EN_MAT_DOMCMPT,24,MF2,T,2025-05-21T00:00:00,2023,,278495.29057
2020,A,0,WESR / Global Material Flows Database,EN_MAT_DOMCMPT,24,MF2,T,2025-05-21T00:00:00,2023,,281412.95036
2021,A,0,WESR / Global Material Flows Database,EN_MAT_DOMCMPT,24,MF2,T,2025-05-21T00:00:00,2023,,293097.30965
2022,A,0,WESR / Global Material Flows Database,EN_MAT_DOMCMPT,24,MF2,T,2025-05-21T00:00:00,2023,,306517.7719
2023,A,0,WESR / Global Material Flows Database,EN_MAT_DOMCMPT,24,MF2,T,2025-05-21T00:00:00,2023,,314192.65467
2000,A,0,WESR / Global Material Flows Database,EN_MAT_DOMCMPT,24,MF21,T,2025-05-21T00:00:00,2023,,0.0
2001,A,0,WESR / Global Material Flows Database,EN_MAT_DOMCMPT,24,MF21,T,2025-05-21T00:00:00,2023,,0.0
2002,A,0,WESR / Global Material Flows Database,EN_MAT_DOMCMPT,24,MF21,T,2025-05-21T00:00:00,2023,,0.0
2003,A,0,WESR / Global Material Flows Database,EN_MAT_DOMCMPT,24,MF21,T,2025-05-21T00:00:00,2023,,0.0
2004,A,0,WESR / Global Material Flows Database,EN_MAT_DOMCMPT,24,MF21,T,2025-05-21T00:00:00,2023,,0.0
2005,A,0,WESR / Global Material Flows Database,EN_MAT_DOMCMPT,24,MF21,T,2025-05-21T00:00:00,2023,,0.0
2006,A,0,WESR / Global Material Flows Database,EN_MAT_DOMCMPT,24,MF21,T,2025-05-21T00:00:00,2023,,0.0
2007,A,0,WESR / Global Material Flows Database,EN_MAT_DOMCMPT,24,MF21,T,2025-05-21T00:00:00,2023,,465004.283
2008,A,0,WESR / Global Material Flows Database,EN_MAT_DOMCMPT,24,MF21,T,2025-05-21T00:00:00,2023,,0.0
2009,A,0,WESR / Global Material Flows Database,EN_MAT_DOMCMPT,24,MF21,T,2025-05-21T00:00:00,2023,,956891.108
2010,A,0,WESR / Global Material Flows Database,EN_MAT_DOMCMPT,24,MF21,T,2025-05-21T00:00:00,2023,,674418.121
2011,A,0,WESR / Global Material Flows Database,EN_MAT_DOMCMPT,24,MF21,T,2025-05-21T00:00:00,2023,,642342.265
2012,A,0,WESR / Global Material Flows Database,EN_MAT_DOMCMPT,24,MF21,T,2025-05-21T00:00:00,2023,,859886.147
2013,A,0,WESR / Global Material Flows Database,EN_MAT_DOMCMPT,24,MF21,T,2025-05-21T00:00:00,2023,,1044282.021
2014,A,0,WESR / Global Material Flows Database,EN_MAT_DOMCMPT,24,MF21,T,2025-05-21T00:00:00,2023,,1565246.148
2015,A,0,WESR / Global Material Flows Database,EN_MAT_DOMCMPT,24,MF21,T,2025-05-21T00:00:00,2023,,1193865.184
2016,A,0,WESR / Global Material Flows Database,EN_MAT_DOMCMPT,24,MF21,T,2025-05-21T00:00:00,2023,,573250.074
2017,A,0,WESR / Global Material Flows Database,EN_MAT_DOMCMPT,24,MF21,T,2025-05-21T00:00:00,2023,,397709.943
2018,A,0,WESR / Global Material Flows Database,EN_MAT_DOMCMPT,24,MF21,T,2025-05-21T00:00:00,2023,,159334.47082
2019,A,0,WESR / Global Material Flows Database,EN_MAT_DOMCMPT,24,MF21,T,2025-05-21T00:00:00,2023,,241680.10291
2020,A,0,WESR / Global Material Flows Database,EN_MAT_DOMCMPT,24,MF21,T,2025-05-21T00:00:00,2023,,242441.06254
2021,A,0,WESR / Global Material Flows Database,EN_MAT_DOMCMPT,24,MF21,T,2025-05-21T00:00:00,2023,,253118.14062
2022,A,0,WESR / Global Material Flows Database,EN_MAT_DOMCMPT,24,MF21,T,2025-05-21T00:00:00,2023,,264166.2952
2023,A,0,WESR / Global Material Flows Database,EN_MAT_DOMCMPT,24,MF21,T,2025-05-21T00:00:00,2023,,270168.02344
2000,A,0,WESR / Global Material Flows Database,EN_MAT_DOMCMPT,24,MF22,T,2025-05-21T00:00:00,2023,,0.0
2001,A,0,WESR / Global Material Flows Database,EN_MAT_DOMCMPT,24,MF22,T,2025-05-21T00:00:00,2023,,0.0
2002,A,0,WESR / Global Material Flows Database,EN_MAT_DOMCMPT,24,MF22,T,2025-05-21T00:00:00,2023,,0.0
2003,A,0,WESR / Global Material Flows Database,EN_MAT_DOMCMPT,24,MF22,T,2025-05-21T00:00:00,2023,,0.0
2004,A,0,WESR / Global Material Flows Database,EN_MAT_DOMCMPT,24,MF22,T,2025-05-21T00:00:00,2023,,0.0
2005,A,0,WESR / Global Material Flows Database,EN_MAT_DOMCMPT,24,MF22,T,2025-05-21T00:00:00,2023,,0.0
2006,A,0,WESR / Global Material Flows Database,EN_MAT_DOMCMPT,24,MF22,T,2025-05-21T00:00:00,2023,,0.0
2007,A,0,WESR / Global Material Flows Database,EN_MAT_DOMCMPT,24,MF22,T,2025-05-21T00:00:00,2023,,45906.437
2008,A,0,WESR / Global Material Flows Database,EN_MAT_DOMCMPT,24,MF22,T,2025-05-21T00:00:00,2023,,0.0
2009,A,0,WESR / Global Material Flows Database,EN_MAT_DOMCMPT,24,MF22,T,2025-05-21T00:00:00,2023,,82425.744
2010,A,0,WESR / Global Material Flows Database,EN_MAT_DOMCMPT,24,MF22,T,2025-05-21T00:00:00,2023,,81832.036
2011,A,0,WESR / Global Material Flows Database,EN_MAT_DOMCMPT,24,MF22,T,2025-05-21T00:00:00,2023,,96789.54
2012,A,0,WESR / Global Material Flows Database,EN_MAT_DOMCMPT,24,MF22,T,2025-05-21T00:00:00,2023,,83862.809
2013,A,0,WESR / Global Material Flows Database,EN_MAT_DOMCMPT,24,MF22,T,2025-05-21T00:00:00,2023,,110487.395
2014,A,0,WESR / Global Material Flows Database,EN_MAT_DOMCMPT,24,MF22,T,2025-05-21T00:00:00,2023,,133634.839
2015,A,0,WESR / Global Material Flows Database,EN_MAT_DOMCMPT,24,MF22,T,2025-05-21T00:00:00,2023,,55091.496
2016,A,0,WESR / Global Material Flows Database,EN_MAT_DOMCMPT,24,MF22,T,2025-05-21T00:00:00,2023,,28866.28615
2017,A,0,WESR / Global Material Flows Database,EN_MAT_DOMCMPT,24,MF22,T,2025-05-21T00:00:00,2023,,50755.93517
2018,A,0,WESR / Global Material Flows Database,EN_MAT_DOMCMPT,24,MF22,T,2025-05-21T00:00:00,2023,,35288.15239
2019,A,0,WESR / Global Material Flows Database,EN_MAT_DOMCMPT,24,MF22,T,2025-05-21T00:00:00,2023,,36815.18766
2020,A,0,WESR / Global Material Flows Database,EN_MAT_DOMCMPT,24,MF22,T,2025-05-21T00:00:00,2023,,38971.88781
2021,A,0,WESR / Global Material Flows Database,EN_MAT_DOMCMPT,24,MF22,T,2025-05-21T00:00:00,2023,,39979.16902
2022,A,0,WESR / Global Material Flows Database,EN_MAT_DOMCMPT,24,MF22,T,2025-05-21T00:00:00,2023,,42351.4767
2023,A,0,WESR / Global Material Flows Database,EN_MAT_DOMCMPT,24,MF22,T,2025-05-21T00:00:00,2023,,44024.63123
2000,A,0,WESR / Global Material Flows Database,EN_MAT_DOMCMPT,24,MF3,T,2025-05-21T00:00:00,2023,,21062125.32995
2001,A,0,WESR / Global Material Flows Database,EN_MAT_DOMCMPT,24,MF3,T,2025-05-21T00:00:00,2023,,24164022.91941
2002,A,0,WESR / Global Material Flows Database,EN_MAT_DOMCMPT,24,MF3,T,2025-05-21T00:00:00,2023,,31019874.79788
2003,A,0,WESR / Global Material Flows Database,EN_MAT_DOMCMPT,24,MF3,T,2025-05-21T00:00:00,2023,,32444663.76007
2004,A,0,WESR / Global Material Flows Database,EN_MAT_DOMCMPT,24,MF3,T,2025-05-21T00:00:00,2023,,33029617.9866
2005,A,0,WESR / Global Material Flows Database,EN_MAT_DOMCMPT,24,MF3,T,2025-05-21T00:00:00,2023,,35423746.01579
2006,A,0,WESR / Global Material Flows Database,EN_MAT_DOMCMPT,24,MF3,T,2025-05-21T00:00:00,2023,,44196166.9627
2007,A,0,WESR / Global Material Flows Database,EN_MAT_DOMCMPT,24,MF3,T,2025-05-21T00:00:00,2023,,51167048.09186
2008,A,0,WESR / Global Material Flows Database,EN_MAT_DOMCMPT,24,MF3,T,2025-05-21T00:00:00,2023,,47299164.80612
2009,A,0,WESR / Global Material Flows Database,EN_MAT_DOMCMPT,24,MF3,T,2025-05-21T00:00:00,2023,,84091692.11941
2010,A,0,WESR / Global Material Flows Database,EN_MAT_DOMCMPT,24,MF3,T,2025-05-21T00:00:00,2023,,59211407.77628
2011,A,0,WESR / Global Material Flows Database,EN_MAT_DOMCMPT,24,MF3,T,2025-05-21T00:00:00,2023,,63639254.06719
2012,A,0,WESR / Global Material Flows Database,EN_MAT_DOMCMPT,24,MF3,T,2025-05-21T00:00:00,2023,,175124270.79563
2013,A,0,WESR / Global Material Flows Database,EN_MAT_DOMCMPT,24,MF3,T,2025-05-21T00:00:00,2023,,184891735.00197
2014,A,0,WESR / Global Material Flows Database,EN_MAT_DOMCMPT,24,MF3,T,2025-05-21T00:00:00,2023,,187725385.93131
2015,A,0,WESR / Global Material Flows Database,EN_MAT_DOMCMPT,24,MF3,T,2025-05-21T00:00:00,2023,,164097566.43662
2016,A,0,WESR / Global Material Flows Database,EN_MAT_DOMCMPT,24,MF3,T,2025-05-21T00:00:00,2023,,153674176.55544
2017,A,0,WESR / Global Material Flows Database,EN_MAT_DOMCMPT,24,MF3,T,2025-05-21T00:00:00,2023,,44838582.12584
2018,A,0,WESR / Global Material Flows Database,EN_MAT_DOMCMPT,24,MF3,T,2025-05-21T00:00:00,2023,,73510037.12574
2019,A,0,WESR / Global Material Flows Database,EN_MAT_DOMCMPT,24,MF3,T,2025-05-21T00:00:00,2023,,74131798.23793
2020,A,0,WESR / Global Material Flows Database,EN_MAT_DOMCMPT,24,MF3,T,2025-05-21T00:00:00,2023,,67202309.9823
2021,A,0,WESR / Global Material Flows Database,EN_MAT_DOMCMPT,24,MF3,T,2025-05-21T00:00:00,2023,,71186904.30211
2022,A,0,WESR / Global Material Flows Database,EN_MAT_DOMCMPT,24,MF3,T,2025-05-21T00:00:00,2023,,73687297.57953
2023,A,0,WESR / Global Material Flows Database,EN_MAT_DOMCMPT,24,MF3,T,2025-05-21T00:00:00,2023,,74402703.24903
2000,A,0,WESR / Global Material Flows Database,EN_MAT_DOMCMPT,24,MF4,T,2025-05-21T00:00:00,2023,,2791720.0
2001,A,0,WESR / Global Material Flows Database,EN_MAT_DOMCMPT,24,MF4,T,2025-05-21T00:00:00,2023,,2464520.0
2002,A,0,WESR / Global Material Flows Database,EN_MAT_DOMCMPT,24,MF4,T,2025-05-21T00:00:00,2023,,2514079.964
2003,A,0,WESR / Global Material Flows Database,EN_MAT_DOMCMPT,24,MF4,T,2025-05-21T00:00:00,2023,,2747600.00617
2004,A,0,WESR / Global Material Flows Database,EN_MAT_DOMCMPT,24,MF4,T,2025-05-21T00:00:00,2023,,2983443.5
2005,A,0,WESR / Global Material Flows Database,EN_MAT_DOMCMPT,24,MF4,T,2025-05-21T00:00:00,2023,,2600545.7
2006,A,0,WESR / Global Material Flows Database,EN_MAT_DOMCMPT,24,MF4,T,2025-05-21T00:00:00,2023,,3661617.04
2007,A,0,WESR / Global Material Flows Database,EN_MAT_DOMCMPT,24,MF4,T,2025-05-21T00:00:00,2023,,3230973.74
2008,A,0,WESR / Global Material Flows Database,EN_MAT_DOMCMPT,24,MF4,T,2025-05-21T00:00:00,2023,,3981120.0
2009,A,0,WESR / Global Material Flows Database,EN_MAT_DOMCMPT,24,MF4,T,2025-05-21T00:00:00,2023,,2921960.0
2010,A,0,WESR / Global Material Flows Database,EN_MAT_DOMCMPT,24,MF4,T,2025-05-21T00:00:00,2023,,2919372.0
2011,A,0,WESR / Global Material Flows Database,EN_MAT_DOMCMPT,24,MF4,T,2025-05-21T00:00:00,2023,,4701000.0
2012,A,0,WESR / Global Material Flows Database,EN_MAT_DOMCMPT,24,MF4,T,2025-05-21T00:00:00,2023,,3130840.0
2013,A,0,WESR / Global Material Flows Database,EN_MAT_DOMCMPT,24,MF4,T,2025-05-21T00:00:00,2023,,3272751.2
2014,A,0,WESR / Global Material Flows Database,EN_MAT_DOMCMPT,24,MF4,T,2025-05-21T00:00:00,2023,,3724740.8
2015,A,0,WESR / Global Material Flows Database,EN_MAT_DOMCMPT,24,MF4,T,2025-05-21T00:00:00,2023,,3404834.0
2016,A,0,WESR / Global Material Flows Database,EN_MAT_DOMCMPT,24,MF4,T,2025-05-21T00:00:00,2023,,3968402.9
2017,A,0,WESR / Global Material Flows Database,EN_MAT_DOMCMPT,24,MF4,T,2025-05-21T00:00:00,2023,,7299807.8
2018,A,0,WESR / Global Material Flows Database,EN_MAT_DOMCMPT,24,MF4,T,2025-05-21T00:00:00,2023,,7334558.3
2019,A,0,WESR / Global Material Flows Database,EN_MAT_DOMCMPT,24,MF4,T,2025-05-21T00:00:00,2023,,8564260.6
2020,A,0,WESR / Global Material Flows Database,EN_MAT_DOMCMPT,24,MF4,T,2025-05-21T00:00:00,2023,,8314399.6
2021,A,0,WESR / Global Material Flows Database,EN_MAT_DOMCMPT,24,MF4,T,2025-05-21T00:00:00,2023,,6916378.16
2022,A,0,WESR / Global Material Flows Database,EN_MAT_DOMCMPT,24,MF4,T,2025-05-21T00:00:00,2023,,6915376.14554
2023,A,0,WESR / Global Material Flows Database,EN_MAT_DOMCMPT,24,MF4,T,2025-05-21T00:00:00,2023,,6674255.50281
2000,A,0,WESR / Global Material Flows Database,EN_MAT_DOMCMPT,24,MF41,T,2025-05-21T00:00:00,2023,,0.0
2001,A,0,WESR / Global Material Flows Database,EN_MAT_DOMCMPT,24,MF41,T,2025-05-21T00:00:00,2023,,0.0
2002,A,0,WESR / Global Material Flows Database,EN_MAT_DOMCMPT,24,MF41,T,2025-05-21T00:00:00,2023,,0.0
2003,A,0,WESR / Global Material Flows Database,EN_MAT_DOMCMPT,24,MF41,T,2025-05-21T00:00:00,2023,,0.0
2004,A,0,WESR / Global Material Flows Database,EN_MAT_DOMCMPT,24,MF41,T,2025-05-21T00:00:00,2023,,0.0
2005,A,0,WESR / Global Material Flows Database,EN_MAT_DOMCMPT,24,MF41,T,2025-05-21T00:00:00,2023,,0.0
2006,A,0,WESR / Global Material Flows Database,EN_MAT_DOMCMPT,24,MF41,T,2025-05-21T00:00:00,2023,,0.0
2007,A,0,WESR / Global Material Flows Database,EN_MAT_DOMCMPT,24,MF41,T,2025-05-21T00:00:00,2023,,0.0
2008,A,0,WESR / Global Material Flows Database,EN_MAT_DOMCMPT,24,MF41,T,2025-05-21T00:00:00,2023,,0.0
2009,A,0,WESR / Global Material Flows Database,EN_MAT_DOMCMPT,24,MF41,T,2025-05-21T00:00:00,2023,,0.0
2010,A,0,WESR / Global Material Flows Database,EN_MAT_DOMCMPT,24,MF41,T,2025-05-21T00:00:00,2023,,0.0
2011,A,0,WESR / Global Material Flows Database,EN_MAT_DOMCMPT,24,MF41,T,2025-05-21T00:00:00,2023,,0.0
2012,A,0,WESR / Global Material Flows Database,EN_MAT_DOMCMPT,24,MF41,T,2025-05-21T00:00:00,2023,,0.0
2013,A,0,WESR / Global Material Flows Database,EN_MAT_DOMCMPT,24,MF41,T,2025-05-21T00:00:00,2023,,0.0
2014,A,0,WESR / Global Material Flows Database,EN_MAT_DOMCMPT,24,MF41,T,2025-05-21T00:00:00,2023,,0.0
2015,A,0,WESR / Global Material Flows Database,EN_MAT_DOMCMPT,24,MF41,T,2025-05-21T00:00:00,2023,,0.0
2016,A,0,WESR / Global Material Flows Database,EN_MAT_DOMCMPT,24,MF41,T,2025-05-21T00:00:00,2023,,0.0
2017,A,0,WESR / Global Material Flows Database,EN_MAT_DOMCMPT,24,MF41,T,2025-05-21T00:00:00,2023,,0.0
2018,A,0,WESR / Global Material Flows Database,EN_MAT_DOMCMPT,24,MF41,T,2025-05-21T00:00:00,2023,,0.0
2019,A,0,WESR / Global Material Flows Database,EN_MAT_DOMCMPT,24,MF41,T,2025-05-21T00:00:00,2023,,0.0
2020,A,0,WESR / Global Material Flows Database,EN_MAT_DOMCMPT,24,MF41,T,2025-05-21T00:00:00,2023,,0.0
2021,A,0,WESR / Global Material Flows Database,EN_MAT_DOMCMPT,24,MF41,T,2025-05-21T00:00:00,2023,,0.0
2022,A,0,WESR / Global Material Flows Database,EN_MAT_DOMCMPT,24,MF41,T,2025-05-21T00:00:00,2023,,0.0
2023,A,0,WESR / Global Material Flows Database,EN_MAT_DOMCMPT,24,MF41,T,2025-05-21T00:00:00,2023,,0.0
2000,A,0,WESR / Global Material Flows Database,EN_MAT_DOMCMPT,24,MF421,T,2025-05-21T00:00:00,2023,,2395000.0
2001,A,0,WESR / Global Material Flows Database,EN_MAT_DOMCMPT,24,MF421,T,2025-05-21T00:00:00,2023,,2102000.0
2002,A,0,WESR / Global Material Flows Database,EN_MAT_DOMCMPT,24,MF421,T,2025-05-21T00:00:00,2023,,2090000.0
2003,A,0,WESR / Global Material Flows Database,EN_MAT_DOMCMPT,24,MF421,T,2025-05-21T00:00:00,2023,,2303000.0
2004,A,0,WESR / Global Material Flows Database,EN_MAT_DOMCMPT,24,MF421,T,2025-05-21T00:00:00,2023,,2456660.0
2005,A,0,WESR / Global Material Flows Database,EN_MAT_DOMCMPT,24,MF421,T,2025-05-21T00:00:00,2023,,2144000.0
2006,A,0,WESR / Global Material Flows Database,EN_MAT_DOMCMPT,24,MF421,T,2025-05-21T00:00:00,2023,,3184000.0
2007,A,0,WESR / Global Material Flows Database,EN_MAT_DOMCMPT,24,MF421,T,2025-05-21T00:00:00,2023,,2648000.0
2008,A,0,WESR / Global Material Flows Database,EN_MAT_DOMCMPT,24,MF421,T,2025-05-21T00:00:00,2023,,3516000.0
2009,A,0,WESR / Global Material Flows Database,EN_MAT_DOMCMPT,24,MF421,T,2025-05-21T00:00:00,2023,,2450000.0
2010,A,0,WESR / Global Material Flows Database,EN_MAT_DOMCMPT,24,MF421,T,2025-05-21T00:00:00,2023,,2418000.0
2011,A,0,WESR / Global Material Flows Database,EN_MAT_DOMCMPT,24,MF421,T,2025-05-21T00:00:00,2023,,4188000.0
2012,A,0,WESR / Global Material Flows Database,EN_MAT_DOMCMPT,24,MF421,T,2025-05-21T00:00:00,2023,,2611000.0
2013,A,0,WESR / Global Material Flows Database,EN_MAT_DOMCMPT,24,MF421,T,2025-05-21T00:00:00,2023,,2985000.0
2014,A,0,WESR / Global Material Flows Database,EN_MAT_DOMCMPT,24,MF421,T,2025-05-21T00:00:00,2023,,3506655.0
2015,A,0,WESR / Global Material Flows Database,EN_MAT_DOMCMPT,24,MF421,T,2025-05-21T00:00:00,2023,,2878154.0
2016,A,0,WESR / Global Material Flows Database,EN_MAT_DOMCMPT,24,MF421,T,2025-05-21T00:00:00,2023,,3408408.3
2017,A,0,WESR / Global Material Flows Database,EN_MAT_DOMCMPT,24,MF421,T,2025-05-21T00:00:00,2023,,6655510.2
2018,A,0,WESR / Global Material Flows Database,EN_MAT_DOMCMPT,24,MF421,T,2025-05-21T00:00:00,2023,,6671378.5
2019,A,0,WESR / Global Material Flows Database,EN_MAT_DOMCMPT,24,MF421,T,2025-05-21T00:00:00,2023,,7597730.6
2020,A,0,WESR / Global Material Flows Database,EN_MAT_DOMCMPT,24,MF421,T,2025-05-21T00:00:00,2023,,7317226.4
2021,A,0,WESR / Global Material Flows Database,EN_MAT_DOMCMPT,24,MF421,T,2025-05-21T00:00:00,2023,,6036916.2
2022,A,0,WESR / Global Material Flows Database,EN_MAT_DOMCMPT,24,MF421,T,2025-05-21T00:00:00,2023,,6030177.65807
2023,A,0,WESR / Global Material Flows Database,EN_MAT_DOMCMPT,24,MF421,T,2025-05-21T00:00:00,2023,,5823533.19762
2000,A,0,WESR / Global Material Flows Database,EN_MAT_DOMCMPT,24,MF422,T,2025-05-21T00:00:00,2023,,396720.0
2001,A,0,WESR / Global Material Flows Database,EN_MAT_DOMCMPT,24,MF422,T,2025-05-21T00:00:00,2023,,362520.0
2002,A,0,WESR / Global Material Flows Database,EN_MAT_DOMCMPT,24,MF422,T,2025-05-21T00:00:00,2023,,424079.964
2003,A,0,WESR / Global Material Flows Database,EN_MAT_DOMCMPT,24,MF422,T,2025-05-21T00:00:00,2023,,444600.00617
2004,A,0,WESR / Global Material Flows Database,EN_MAT_DOMCMPT,24,MF422,T,2025-05-21T00:00:00,2023,,526783.5
2005,A,0,WESR / Global Material Flows Database,EN_MAT_DOMCMPT,24,MF422,T,2025-05-21T00:00:00,2023,,456545.7
2006,A,0,WESR / Global Material Flows Database,EN_MAT_DOMCMPT,24,MF422,T,2025-05-21T00:00:00,2023,,477617.04
2007,A,0,WESR / Global Material Flows Database,EN_MAT_DOMCMPT,24,MF422,T,2025-05-21T00:00:00,2023,,582973.74
2008,A,0,WESR / Global Material Flows Database,EN_MAT_DOMCMPT,24,MF422,T,2025-05-21T00:00:00,2023,,465120.0
2009,A,0,WESR / Global Material Flows Database,EN_MAT_DOMCMPT,24,MF422,T,2025-05-21T00:00:00,2023,,471960.0
2010,A,0,WESR / Global Material Flows Database,EN_MAT_DOMCMPT,24,MF422,T,2025-05-21T00:00:00,2023,,501372.0
2011,A,0,WESR / Global Material Flows Database,EN_MAT_DOMCMPT,24,MF422,T,2025-05-21T00:00:00,2023,,513000.0
2012,A,0,WESR / Global Material Flows Database,EN_MAT_DOMCMPT,24,MF422,T,2025-05-21T00:00:00,2023,,519840.0
2013,A,0,WESR / Global Material Flows Database,EN_MAT_DOMCMPT,24,MF422,T,2025-05-21T00:00:00,2023,,287751.2
2014,A,0,WESR / Global Material Flows Database,EN_MAT_DOMCMPT,24,MF422,T,2025-05-21T00:00:00,2023,,218085.8
2015,A,0,WESR / Global Material Flows Database,EN_MAT_DOMCMPT,24,MF422,T,2025-05-21T00:00:00,2023,,526680.0
2016,A,0,WESR / Global Material Flows Database,EN_MAT_DOMCMPT,24,MF422,T,2025-05-21T00:00:00,2023,,559994.6
2017,A,0,WESR / Global Material Flows Database,EN_MAT_DOMCMPT,24,MF422,T,2025-05-21T00:00:00,2023,,644297.6
2018,A,0,WESR / Global Material Flows Database,EN_MAT_DOMCMPT,24,MF422,T,2025-05-21T00:00:00,2023,,663179.8
2019,A,0,WESR / Global Material Flows Database,EN_MAT_DOMCMPT,24,MF422,T,2025-05-21T00:00:00,2023,,966530.0
2020,A,0,WESR / Global Material Flows Database,EN_MAT_DOMCMPT,24,MF422,T,2025-05-21T00:00:00,2023,,997173.2
2021,A,0,WESR / Global Material Flows Database,EN_MAT_DOMCMPT,24,MF422,T,2025-05-21T00:00:00,2023,,879461.96
2022,A,0,WESR / Global Material Flows Database,EN_MAT_DOMCMPT,24,MF422,T,2025-05-21T00:00:00,2023,,885198.48747
2023,A,0,WESR / Global Material Flows Database,EN_MAT_DOMCMPT,24,MF422,T,2025-05-21T00:00:00,2023,,850722.3052
